TAX_YEAR,SUBLOT_ID,SECNO,CUSIP,SYMBOL,SEC_DESCR,SEC_TYPE,SEC_SUBTYPE,SUBACCOUNT_TYPE,OPEN_TRAN_ID,CLOSE_TRAN_ID-SEQNO,OPEN_DATE,CLOSE_DATE,CLOSE_EVENT,DISPOSAL_METHOD,QUANTITY,LONG_SHORT_IND,NO_WS_COST,NO_WS_PROCEEDS,NO_WS_GAINLOSS,WS_COST_ADJ,WS_PROC_ADJ,WS_LOSS_ID-SEQNO,1099_ACQ_DATE,1099_DISP_DATE,1099_COST,1099_PROCEEDS,GROSS_NET_IND,TOTAL_GAINLOSS,ORDINARY_GAINLOSS,1099_DISALLOWED_LOSS,1099_MARKET_DISCOUNT,8949_GAINLOSS,8949_CODE,HOLDING_DATE,TERM,COVERED_IND,8949_BOX,1099_1256_CY_REALIZED,1099_1256_PY_UNREALIZED,1099_1256_CY_UNREALIZED,1099_1256_AGGREGATE
2023,CS0001cnhpFE8PaqFp,9SFSKZ8_R2023-02-14,"",AAPL--230210P00132000,PUT  AAPL   02/10/23   132 APPLE INC,Option,EquityOption,Margin,230111ELXWF14J6VB6B8BV000,230118ELVRD1GAFX46THQ5000-1,2023-01-11,2023-01-18,Buy,FIFO,1.00000000,S,$253.12,$503.85,$250.73,$0.00,$0.00,,2023-01-11,2023-01-18,$0.00,$250.73,G,$250.73,$0.00,$0.00,$0.00,$250.73,,,ShortTerm,C,A,,,,
2023,CS0001cnhpCO4yfxXV,9E20359_R2023-02-21,"",STX---230217P00055000,PUT  STX    02/17/23    55 SEAGATE TECHNOLOGY HLDNGS PLC,Option,EquityOption,Margin,230111EL2W8YYP8S2VL5XX000,230123ELXD391HKAS2CHU3000-1,2023-01-11,2023-01-23,Buy,FIFO,1.00000000,S,$120.12,$238.86,$118.74,$0.00,$0.00,,2023-01-11,2023-01-23,$0.00,$118.74,G,$118.74,$0.00,$0.00,$0.00,$118.74,,,ShortTerm,C,A,,,,
2023,CS0001cnhpENJnUja2,9LFJGT9_R2023-02-22,"",T-----230217P00019000,PUT  T      02/17/23    19 AT&T INC,Option,EquityOption,Margin,230111ELMHG50EL5IMAT5C000,230125ELUVXX5YLO4FFPUZ000-1,2023-01-11,2023-01-25,Buy,FIFO,5.00000000,S,$120.59,$239.39,$118.80,$0.00,$0.00,,2023-01-11,2023-01-25,$0.00,$118.80,G,$118.80,$0.00,$0.00,$0.00,$118.80,,,ShortTerm,C,A,,,,
2023,CS0001cnhpEwWtOPZL,9SBVQK1_R2023-01-30,"",GOLD--230127P00018000,PUT  GOLD   01/27/23    18 BARRICK GOLD CORPORATION,Option,EquityOption,Margin,230111EL2TJ038NR62DVH5000,230127KU00000002232903000-1,2023-01-11,2023-01-27,OptionExpiration,FIFO,6.00000000,S,$0.00,$89.27,$89.27,$0.00,$0.00,,2023-01-11,2023-01-27,$0.00,$89.27,G,$89.27,$0.00,$0.00,$0.00,$89.27,,,ShortTerm,C,A,,,,
2023,CS0001cnhpEevObbAC,9LKMVX6,"",TMUS--230217P00145000,PUT  TMUS   02/17/23   145 T MOBILE US INC,Option,EquityOption,Margin,230111ELWGEANALY5QMZS5000,230201ELKLG8OAC0ESF8MH000-1,2023-01-11,2023-02-01,Buy,FIFO,1.00000000,S,$178.13,$353.86,$175.73,$0.00,$0.00,,2023-01-11,2023-02-01,$0.00,$175.73,G,$175.73,$0.00,$0.00,$0.00,$175.73,,,ShortTerm,C,A,,,,
2023,CS0001cnhpE5iKB09Y,9GKKNV2_R2023-02-21,"",ATVI--230217P00077500,PUT  ATVI   02/17/23    77.50 ACTIVISION BLIZZARD INC,Option,EquityOption,Margin,230111EL1YLNZG8KPIXN1Y000,230209EL0R9JCZPZAPXRVT000-1,2023-01-11,2023-02-09,Buy,FIFO,1.00000000,S,$348.13,$288.86,-$59.27,$0.00,$0.00,,2023-01-11,2023-02-09,$0.00,-$59.27,G,-$59.27,$0.00,$0.00,$0.00,-$59.27,,,ShortTerm,C,A,,,,
2023,CS0001d7LybF1D67Y2,9BRTZY8,"",AMZN--230217P00100000,PUT  AMZN   02/17/23   100 AMAZON.COM INC,Option,EquityOption,Margin,230118EL44HSOLJU9PVH99000,230127EL53BGVJXQCEOZM9000-1,2023-01-18,2023-01-27,Buy,FIFO,1.00000000,S,$425.12,$658.85,$233.73,$0.00,$0.00,,2023-01-18,2023-01-27,$0.00,$233.73,G,$233.73,$0.00,$0.00,$0.00,$233.73,,,ShortTerm,C,A,,,,
2023,CS0001d7LyafoBoqqy,8KTDXW0,"",MO----230317P00045000,PUT  MO     03/17/23    45 ALTRIA GROUP INC,Option,EquityOption,Margin,230118ELRISOQ5GM36E2BO000,230210ELJ7DGR1U6WUM8SL000-1,2023-01-18,2023-02-10,Sell,FIFO,1.00000000,L,$181.12,$35.85,-$145.27,$0.00,$0.00,,2023-01-18,2023-02-10,$181.12,$35.85,G,-$145.27,$0.00,$0.00,$0.00,-$145.27,,2023-01-18,ShortTerm,C,A,,,,
2023,CS0001d7LybWcp97bL,9KJDXJ6_R2023-02-21,"",MO----230217P00045000,PUT  MO     02/17/23    45 ALTRIA GROUP INC,Option,EquityOption,Margin,230118ELEORE4FKN33CA31000,230210ELW9RD0H1IVS7Y2Q000-1,2023-01-18,2023-02-10,Buy,FIFO,1.00000000,S,$5.13,$148.86,$143.73,$0.00,$0.00,,2023-01-18,2023-02-10,$0.00,$143.73,G,$143.73,$0.00,$0.00,$0.00,$143.73,,,ShortTerm,C,A,,,,
2023,CS0001dM7mM8UMk13t,9SCDRW4_R2023-01-31,"",PFE---230127P00045000,PUT  PFE    01/27/23    45 PFIZER INC,Option,EquityOption,Margin,230123EL8SYGB56KITDZAX000,230127ELA55H337DX8JXGA000-1,2023-01-23,2023-01-27,Buy,FIFO,1.00000000,S,$77.12,$53.86,-$23.26,$0.00,$0.00,,2023-01-23,2023-01-27,$0.00,-$23.26,G,-$23.26,$0.00,$0.00,$0.00,-$23.26,,,ShortTerm,C,A,,,,
2023,CS0001dM7mET8enaLv,8UCYHM5_R2023-01-31,"",PFE---230127P00042500,PUT  PFE    01/27/23    42.50 PFIZER INC,Option,EquityOption,Margin,230123EL3UVD1Z9FOUJ7S5000,230127ELAG2T85ZWQ04MOI000-1,2023-01-23,2023-01-27,Sell,FIFO,1.00000000,L,$4.12,$2.86,-$1.26,$0.00,$0.00,,2023-01-23,2023-01-27,$4.12,$2.86,G,-$1.26,$0.00,$0.00,$0.00,-$1.26,,2023-01-23,ShortTerm,C,A,,,,
2023,CS0001dM7mKiSdrZ9N,8UDYMX9_R2023-01-31,"",PFE---230127C00047500,CALL PFE    01/27/23    47.50 PFIZER INC,Option,EquityOption,Margin,230123ELHIAIPEBC2JRYH8000,230127ELGY7QRD0SKAABGE000-1,2023-01-23,2023-01-27,Sell,FIFO,1.00000000,L,$3.12,$2.86,-$0.26,$0.00,$0.00,,2023-01-23,2023-01-27,$3.12,$2.86,G,-$0.26,$0.00,$0.00,$0.00,-$0.26,,2023-01-23,ShortTerm,C,A,,,,
2023,CS0001dM7mLqsoxvTo,9SCDRW2_R2023-01-31,"",PFE---230127C00045000,CALL PFE    01/27/23    45 PFIZER INC,Option,EquityOption,Margin,230123ELD4BC2OQQI026CH000,230127ELQVN0JITQUOW5OV000-1,2023-01-23,2023-01-27,Buy,FIFO,1.00000000,S,$4.12,$48.86,$44.74,$0.00,$0.00,,2023-01-23,2023-01-27,$0.00,$44.74,G,$44.74,$0.00,$0.00,$0.00,$44.74,,,ShortTerm,C,A,,,,
2023,CS0001dM7mLZHKB74g,9PCFTZ6_R2023-02-07,"",PFE---230203P00045000,PUT  PFE    02/03/23    45 PFIZER INC,Option,EquityOption,Margin,230123ELFY80JVGTSXP5G0000,230201ELAES0UMBFLRMHN1000-1,2023-01-23,2023-02-01,Buy,FIFO,1.00000000,S,$143.13,$104.86,-$38.27,$0.00,$0.00,,2023-01-23,2023-02-01,$0.00,-$38.27,G,-$38.27,$0.00,$0.00,$0.00,-$38.27,,,ShortTerm,C,A,,,,
2023,CS0001dM7mLHfmP1Ub,9PCFTZ5_R2023-02-07,"",PFE---230203C00045000,CALL PFE    02/03/23    45 PFIZER INC,Option,EquityOption,Margin,230123ELNWJ17BK8X8AI3E000,230201ELMT4P3MFYQWSICK000-1,2023-01-23,2023-02-01,Buy,FIFO,1.00000000,S,$7.13,$96.86,$89.73,$0.00,$0.00,,2023-01-23,2023-02-01,$0.00,$89.73,G,$89.73,$0.00,$0.00,$0.00,$89.73,,,ShortTerm,C,A,,,,
2023,CS0001dM7mKQr94kkE,8UCYHP0_R2023-02-06,"",PFE---230203C00047500,CALL PFE    02/03/23    47.50 PFIZER INC,Option,EquityOption,Margin,230123ELBZ2X0969BEUV81000,230201ELNYRNKEAYW2CE3D000-1,2023-01-23,2023-02-01,Sell,FIFO,1.00000000,L,$21.12,$1.85,-$19.27,$0.00,$0.00,,2023-01-23,2023-02-01,$21.12,$1.85,G,-$19.27,$0.00,$0.00,$0.00,-$19.27,,2023-01-23,ShortTerm,C,A,,,,
2023,CS0001dM7mK9FbIfA9,8UCYHN1_R2023-02-06,"",PFE---230203P00042500,PUT  PFE    02/03/23    42.50 PFIZER INC,Option,EquityOption,Margin,230123ELNJAL53ZFUA5390000,230201ELUL5ZHB6RDT9EBQ000-1,2023-01-23,2023-02-01,Sell,FIFO,1.00000000,L,$29.12,$10.85,-$18.27,$0.00,$0.00,,2023-01-23,2023-02-01,$29.12,$10.85,G,-$18.27,$0.00,$0.00,$0.00,-$18.27,,2023-01-23,ShortTerm,C,A,,,,
2023,CS0001dQXsHf7sbDaz,9KXDGT2_R2023-02-22,"",INTC--230217P00027500,PUT  INTC   02/17/23    27.50 INTEL CORP,Option,EquityOption,Margin,230124ELVWDMKP313K9VX8000,230201SCAVP30201052842000-1,2023-01-24,2023-02-01,Buy,FIFO,4.00000000,S,$220.52,$235.51,$14.99,$0.00,$0.00,,2023-01-24,2023-02-01,$0.00,$14.99,G,$14.99,$0.00,$0.00,$0.00,$14.99,,,ShortTerm,C,A,,,,
2023,CS0001dSyrFT3xUAmm,8UDFWL9_R2023-02-27,"",GOOGL-230224C00104000,CALL GOOGL  02/24/23   104 ALPHABET INC CLASS A,Option,EquityOption,Margin,230125ELUIYP9BFP27LEV3000,230127EL9O70Q2OFWJ8PJS000-1,2023-01-25,2023-01-27,Sell,FIFO,1.00000000,L,$106.12,$196.86,$90.74,$0.00,$0.00,,2023-01-25,2023-01-27,$106.12,$196.86,G,$90.74,$0.00,$0.00,$0.00,$90.74,,2023-01-25,ShortTerm,C,A,,,,
2023,CS0001dSyrKIMDfhgA,9UDFWL5_R2023-02-27,"",GOOGL-230224C00102000,CALL GOOGL  02/24/23   102 ALPHABET INC CLASS A,Option,EquityOption,Margin,230125ELQANLY8GC37C06K000,230127ELLXZ80YHT954QGW000-1,2023-01-25,2023-01-27,Buy,FIFO,1.00000000,S,$275.12,$145.86,-$129.26,$0.00,$0.00,,2023-01-25,2023-01-27,$0.00,-$129.26,G,-$129.26,$0.00,$0.00,$0.00,-$129.26,,,ShortTerm,C,A,,,,
2023,CS0001dSyrK0kftc65,9UCQHY8_R2023-02-27,"",GOOGL-230224P00086000,PUT  GOOGL  02/24/23    86 ALPHABET INC CLASS A,Option,EquityOption,Margin,230125ELVFZPG35NG54LBS000,230127ELNS2RI0BX7URYTY000-1,2023-01-25,2023-01-27,Buy,FIFO,1.00000000,S,$50.12,$128.86,$78.74,$0.00,$0.00,,2023-01-25,2023-01-27,$0.00,$78.74,G,$78.74,$0.00,$0.00,$0.00,$78.74,,,ShortTerm,C,A,,,,
2023,CS0001dZ5KO6fTP2eN,8LBGZG9_R2023-02-21,"",UBER--230217C00034000,CALL UBER   02/17/23    34 UBER TECHNOLOGIES INC,Option,EquityOption,Margin,230127EL6TSFKG73DYRW2E000,230201EL2TB3TCYITNQFGQ000-1,2023-01-27,2023-02-01,Sell,FIFO,1.00000000,L,$53.12,$95.86,$42.74,$0.00,$0.00,,2023-01-27,2023-02-01,$53.12,$95.86,G,$42.74,$0.00,$0.00,$0.00,$42.74,,2023-01-27,ShortTerm,C,A,,,,
2023,CS0001dZ5KOOH1B8ER,8LBGZG9_R2023-02-21,"",UBER--230217C00034000,CALL UBER   02/17/23    34 UBER TECHNOLOGIES INC,Option,EquityOption,Margin,230127EL2ZPNTLDVJZL2OM000,230201EL2TB3TCYITNQFGQ000-2,2023-01-27,2023-02-01,Sell,FIFO,2.00000000,L,$106.24,$191.73,$85.49,$0.00,$0.00,,2023-01-27,2023-02-01,$106.24,$191.73,G,$85.49,$0.00,$0.00,$0.00,$85.49,,2023-01-27,ShortTerm,C,A,,,,
2023,CS0001dZ5KRVw0i7dL,9LBGZG7_R2023-02-22,"",UBER--230217C00033000,CALL UBER   02/17/23    33 UBER TECHNOLOGIES INC,Option,EquityOption,Margin,230127ELCLQ7WOE7CJ409U000,230201EL467HCS09RJP1RA000-1,2023-01-27,2023-02-01,Buy,FIFO,1.00000000,S,$130.13,$72.86,-$57.27,$0.00,$0.00,,2023-01-27,2023-02-01,$0.00,-$57.27,G,-$57.27,$0.00,$0.00,$0.00,-$57.27,,,ShortTerm,C,A,,,,
2023,CS0001dZ5KRnXYUDDP,9LBGZG7_R2023-02-22,"",UBER--230217C00033000,CALL UBER   02/17/23    33 UBER TECHNOLOGIES INC,Option,EquityOption,Margin,230127EL32IVK0XVSCX98W000,230201EL467HCS09RJP1RA000-2,2023-01-27,2023-02-01,Buy,FIFO,2.00000000,S,$260.26,$145.74,-$114.52,$0.00,$0.00,,2023-01-27,2023-02-01,$0.00,-$114.52,G,-$114.52,$0.00,$0.00,$0.00,-$114.52,,,ShortTerm,C,A,,,,
2023,CS0001dZ5KQNVpblJ2,9KSMGM6_R2023-02-22,"",AMZN--230217P00102000,PUT  AMZN   02/17/23   102 AMAZON.COM INC,Option,EquityOption,Margin,230127ELE2LX3GD81DLLM3000,230201EL48YIE8LK0L95YQ000-1,2023-01-27,2023-02-01,Buy,FIFO,1.00000000,S,$503.13,$523.85,$20.72,$0.00,$0.00,,2023-01-27,2023-02-01,$0.00,$20.72,G,$20.72,$0.00,$0.00,$0.00,$20.72,,,ShortTerm,C,A,,,,
2023,CS0001dZ5KGRJlSbwA,8BRVBH5,"",AMZN--230217C00110000,CALL AMZN   02/17/23   110 AMAZON.COM INC,Option,EquityOption,Margin,230127ELJQRV7CN8Y5UMX4000,230201ELBY10SIYTYMX2MQ000-1,2023-01-27,2023-02-01,Sell,FIFO,1.00000000,L,$203.12,$221.85,$18.73,$0.00,$0.00,,2023-01-27,2023-02-01,$203.12,$221.85,G,$18.73,$0.00,$0.00,$0.00,$18.73,,2023-01-27,ShortTerm,C,A,,,,
2023,CS0001dZ5KOfsYxDoW,8SZRKW9_R2023-02-21,"",SWK---230217C00090000,CALL SWK    02/17/23    90 STANLEY BLACK & DECKER,Option,EquityOption,Margin,230127EL5HMYIOQWXQXD0J000,230201ELJ4JJEH76GTT8MX000-1,2023-01-27,2023-02-01,Sell,FIFO,1.00000000,L,$168.12,$328.85,$160.73,$0.00,$0.00,,2023-01-27,2023-02-01,$168.12,$328.85,G,$160.73,$0.00,$0.00,$0.00,$160.73,,2023-01-27,ShortTerm,C,A,,,,
2023,CS0001dZ5KQwiv9wTC,9LBGYY0_R2023-02-21,"",UBER--230217P00027000,PUT  UBER   02/17/23    27 UBER TECHNOLOGIES INC,Option,EquityOption,Margin,230127ELBWGL2PCCIE30LV000,230201ELJR2S68ZCNQJG84000-1,2023-01-27,2023-02-01,Buy,FIFO,1.00000000,S,$46.13,$72.86,$26.73,$0.00,$0.00,,2023-01-27,2023-02-01,$0.00,$26.73,G,$26.73,$0.00,$0.00,$0.00,$26.73,,,ShortTerm,C,A,,,,
2023,CS0001dZ5KREKSw23G,9LBGYY0_R2023-02-21,"",UBER--230217P00027000,PUT  UBER   02/17/23    27 UBER TECHNOLOGIES INC,Option,EquityOption,Margin,230127ELYLJ83DGTUV3Y98000,230201ELJR2S68ZCNQJG84000-2,2023-01-27,2023-02-01,Buy,FIFO,2.00000000,S,$92.26,$145.74,$53.48,$0.00,$0.00,,2023-01-27,2023-02-01,$0.00,$53.48,G,$53.48,$0.00,$0.00,$0.00,$53.48,,,ShortTerm,C,A,,,,
2023,CS0001dZ5KQ5uHpfix,9KSMGM5_R2023-02-22,"",AMZN--230217C00102000,CALL AMZN   02/17/23   102 AMAZON.COM INC,Option,EquityOption,Margin,230127ELO1TRKNY1WW71BT000,230201ELORBNG9N8CYJHNU000-1,2023-01-27,2023-02-01,Buy,FIFO,1.00000000,S,$529.13,$500.85,-$28.28,$0.00,$0.00,,2023-01-27,2023-02-01,$0.00,-$28.28,G,-$28.28,$0.00,$0.00,$0.00,-$28.28,,,ShortTerm,C,A,,,,
2023,CS0001dZ5KTDZHMf7n,9SZRKW7,"",SWK---230217C00085000,CALL SWK    02/17/23    85 STANLEY BLACK & DECKER,Option,EquityOption,Margin,230127EL9JZ7DSDEDJ0B8Q000,230201ELPEEH2TB7TEZA4E000-1,2023-01-27,2023-02-01,Buy,FIFO,1.00000000,S,$621.13,$371.86,-$249.27,$0.00,$0.00,,2023-01-27,2023-02-01,$0.00,-$249.27,G,-$249.27,$0.00,$0.00,$0.00,-$249.27,,,ShortTerm,C,A,,,,
2023,CS0001dZ5KTVAp8khs,9SZRKW8_R2023-02-21,"",SWK---230217P00085000,PUT  SWK    02/17/23    85 STANLEY BLACK & DECKER,Option,EquityOption,Margin,230127ELZDFD0VRGHJ9QIC000,230201ELRU25V49NVAXKFK000-1,2023-01-27,2023-02-01,Buy,FIFO,1.00000000,S,$228.13,$352.86,$124.73,$0.00,$0.00,,2023-01-27,2023-02-01,$0.00,$124.73,G,$124.73,$0.00,$0.00,$0.00,$124.73,,,ShortTerm,C,A,,,,
2023,CS0001dZ5KTmmN6qHE,9UCMGB9_R2023-02-28,"",BYND--230224P00015000,PUT  BYND   02/24/23    15 BEYOND MEAT INC,Option,EquityOption,Margin,230127ELGU6F5AAN8IZAMS000,230202ELZDD0OG6IFRC3VU000-1,2023-01-27,2023-02-02,Buy,FIFO,3.00000000,S,$354.39,$440.62,$86.23,$0.00,$0.00,,2023-01-27,2023-02-02,$0.00,$86.23,G,$86.23,$0.00,$0.00,$0.00,$86.23,,,ShortTerm,C,A,,,,
2023,CS0001dZ5KS596e0HP,9PXZYC4_R2023-02-22,"",PYPL--230217P00075000,PUT  PYPL   02/17/23    75 PAYPAL HOLDINGS INC,Option,EquityOption,Margin,230127EL1S0LKU1H8GE5XZ000,230203EL3MW900B0P47YRX000-1,2023-01-27,2023-02-03,Buy,FIFO,1.00000000,S,$86.13,$208.86,$122.73,$0.00,$0.00,,2023-01-27,2023-02-03,$0.00,$122.73,G,$122.73,$0.00,$0.00,$0.00,$122.73,,,ShortTerm,C,A,,,,
2023,CS0001dZ5KNp3w0eYG,8K59705_R2023-02-21,"",PYPL--230217C00088000,CALL PYPL   02/17/23    88 PAYPAL HOLDINGS INC,Option,EquityOption,Margin,230127ELEERPOCPSWJDIP0000,230203EL64FH0AUQZYLH9S000-1,2023-01-27,2023-02-03,Sell,FIFO,1.00000000,L,$186.12,$413.85,$227.73,$0.00,$0.00,,2023-01-27,2023-02-03,$186.12,$413.85,G,$227.73,$0.00,$0.00,$0.00,$227.73,,2023-01-27,ShortTerm,C,A,,,,
2023,CS0001dZ5KQf7NlYN4,9K59701_R2023-02-21,"",PYPL--230217C00086000,CALL PYPL   02/17/23    86 PAYPAL HOLDINGS INC,Option,EquityOption,Margin,230127ELLD1C0KLDX47GD3000,230203ELM70DJIUU775NSB000-1,2023-01-27,2023-02-03,Buy,FIFO,1.00000000,S,$510.13,$243.86,-$266.27,$0.00,$0.00,,2023-01-27,2023-02-03,$0.00,-$266.27,G,-$266.27,$0.00,$0.00,$0.00,-$266.27,,,ShortTerm,C,A,,,,
2023,CS0001eIvvxRhynZq2,9GRRPJ8,"",BBY---230317P00080000,PUT  BBY    03/17/23    80 BEST BUY CO INC,Option,EquityOption,Margin,230130EL90QSRCZMJ5AIBF000,230201EL128XF7VX3HGA29000-1,2023-01-30,2023-02-01,Buy,FIFO,1.00000000,S,$188.13,$223.86,$35.73,$0.00,$0.00,,2023-01-30,2023-02-01,$0.00,$35.73,G,$35.73,$0.00,$0.00,$0.00,$35.73,,,ShortTerm,C,A,,,,
2023,CS0001eIvvxA6R1UFx,9GPRYZ3_R2023-03-08,"",FL----230317P00042500,PUT  FL     03/17/23    42.50 FOOT LOCKER INC,Option,EquityOption,Margin,230130ELWWFPOSW6Y2WOF2000,230201ELCUI761K82Y62P3000-1,2023-01-30,2023-02-01,Buy,FIFO,2.00000000,S,$406.26,$551.73,$145.47,$0.00,$0.00,,2023-01-30,2023-02-01,$0.00,$145.47,G,$145.47,$0.00,$0.00,$0.00,$145.47,,,ShortTerm,C,A,,,,
2023,CS0001eIvvwsUtFOfs,9GPRYZ2_R2023-03-20,"",FL----230317C00042500,CALL FL     03/17/23    42.50 FOOT LOCKER INC,Option,EquityOption,Margin,230130ELA5ZJC6XUCZ4A7A000,230201ELNISU3FFDPUDXR3000-1,2023-01-30,2023-02-01,Buy,FIFO,2.00000000,S,$892.26,$637.73,-$254.53,$0.00,$0.00,,2023-01-30,2023-02-01,$0.00,-$254.53,G,-$254.53,$0.00,$0.00,$0.00,-$254.53,,,ShortTerm,C,A,,,,
2023,CS0001eIvvuK2zGaRC,8GPRYZ6_R2023-03-16,"",FL----230317C00047500,CALL FL     03/17/23    47.50 FOOT LOCKER INC,Option,EquityOption,Margin,230130ELQXACQRSL9SZGIJ000,230201ELZSWYNDWUFFMDPA000-1,2023-01-30,2023-02-01,Sell,FIFO,2.00000000,L,$246.24,$387.72,$141.48,$0.00,$0.00,,2023-01-30,2023-02-01,$246.24,$387.72,G,$141.48,$0.00,$0.00,$0.00,$141.48,,2023-01-30,ShortTerm,C,A,,,,
2023,CS0001eMj8SYvqjCFn,8Y23446,"",SPY---230217C00415000,CALL SPY    02/17/23   415 STANDARD & POORS DEPOSITORY,Option,EquityOption,Margin,230131ELNPHZIYUZ8OFYB1000,230201ELA5J70MXWJ26QF5000-1,2023-01-31,2023-02-01,Sell,FIFO,1.00000000,L,$315.12,$319.85,$4.73,$0.00,$0.00,,2023-01-31,2023-02-01,$315.12,$319.85,G,$4.73,$0.00,$0.00,$0.00,$4.73,,2023-01-31,ShortTerm,C,A,,,,
2023,CS0001eMj8YWeI15TN,9Y23429,"",SPY---230217C00408000,CALL SPY    02/17/23   408 STANDARD & POORS DEPOSITORY,Option,EquityOption,Margin,230131ELTLXCEWLA5AJX9K000,230201ELH8S1868HB2MC8T000-1,2023-01-31,2023-02-01,Buy,FIFO,1.00000000,S,$630.13,$624.85,-$5.28,$0.00,$0.00,,2023-01-31,2023-02-01,$0.00,-$5.28,G,-$5.28,$0.00,$0.00,$0.00,-$5.28,,,ShortTerm,C,A,,,,
2023,CS0001eT6Uv3KcHUAm,9B36206_R2023-02-06,"",SPXW--230202C04210000,CALL SPXW   02/02/23  4210 CBOE S&P 500 CLOSE/EURO INDEX,Option,IndexOption,Margin,230202ELJ2W6UV82QAGPNR000,230202ELC82310EDO0RDAB000-1,2023-02-02,2023-02-02,Buy,FIFO,1.00000000,S,$149.78,$48.22,-$101.56,$0.00,$0.00,,,,,,,,,,,,,,SixtyForty,C,,-$101.56,$0.00,$0.00,-$101.56
2023,CS0001eT6UnNyuL3St,8BMRZS7_R2023-02-06,"",SPXW--230202C04225000,CALL SPXW   02/02/23  4225 CBOE S&P 500 CLOSE/EURO INDEX,Option,IndexOption,Margin,230202ELGFLPV496G5NPVS000,230202ELRZIU0NU83D806J000-1,2023-02-02,2023-02-02,Sell,FIFO,1.00000000,L,$21.78,$48.22,$26.44,$0.00,$0.00,,,,,,,,,,,,,,SixtyForty,C,,$26.44,$0.00,$0.00,$26.44
2023,CS0001eT6UsmUG4lWA,8CNYYJ4_R2023-02-06,"",SPXW--230202P04050000,PUT  SPXW   02/02/23  4050 CBOE S&P 500 CLOSE/EURO INDEX,Option,IndexOption,Margin,230202ELVRN7BLFLP4WS8H000,230202KU00000002775575000-1,2023-02-02,2023-02-02,OptionExpiration,FIFO,1.00000000,L,$33.78,$0.00,-$33.78,$0.00,$0.00,,,,,,,,,,,,,,SixtyForty,C,,-$33.78,$0.00,$0.00,-$33.78
2023,CS0001eT6UvKwA3Zkt,9CPBFX1_R2023-02-06,"",SPXW--230202P04070000,PUT  SPXW   02/02/23  4070 CBOE S&P 500 CLOSE/EURO INDEX,Option,IndexOption,Margin,230202ELYGZT48KKDZ2UL5000,230202KU00000002821352000-1,2023-02-02,2023-02-02,OptionExpiration,FIFO,1.00000000,S,$0.00,$70.22,$70.22,$0.00,$0.00,,,,,,,,,,,,,,SixtyForty,C,,$70.22,$0.00,$0.00,$70.22
2023,CS0001eT6Uwkxt7j9x,9KSMJW5_R2023-02-21,"",AMZN--230217P00111000,PUT  AMZN   02/17/23   111 AMAZON.COM INC,Option,EquityOption,Margin,230202ELLWP3G9PLWUZE6T000,230203ELKRHH1P817306IU000-1,2023-02-02,2023-02-03,Buy,FIFO,1.00000000,S,$655.13,$527.84,-$127.29,$0.00,$0.00,,2023-02-02,2023-02-03,$0.00,-$127.29,G,-$127.29,$0.00,$0.00,$0.00,-$127.29,,,ShortTerm,C,A,,,,
2023,CS0001eT6UsUsiUNQm,8BRVBY6,"",AMZN--230217C00120000,CALL AMZN   02/17/23   120 AMAZON.COM INC,Option,EquityOption,Margin,230202ELSW9TK3PNNVORQC000,230203ELNBTM3T6JP57T1N000-1,2023-02-02,2023-02-03,Sell,FIFO,1.00000000,L,$270.13,$48.85,-$221.28,$0.00,$0.00,,2023-02-02,2023-02-03,$270.13,$48.85,G,-$221.28,$0.00,$0.00,$0.00,-$221.28,,2023-02-02,ShortTerm,C,A,,,,
2023,CS0001eT6UwTMLLdZs,9KSMHK8_R2023-02-22,"",AMZN--230217C00111000,CALL AMZN   02/17/23   111 AMAZON.COM INC,Option,EquityOption,Margin,230202ELJQLK215MRHTRGG000,230203ELT07GUZ5ISL6DI4000-1,2023-02-02,2023-02-03,Buy,FIFO,1.00000000,S,$179.13,$609.84,$430.71,$0.00,$0.00,,2023-02-02,2023-02-03,$0.00,$430.71,G,$430.71,$0.00,$0.00,$0.00,$430.71,,,ShortTerm,C,A,,,,
2023,CS0001eT6UtuuRl2AM,8NZCQZ2_R2023-02-22,"",TSLA--230217C00220000,CALL TSLA   02/17/23   220 TESLA INC,Option,EquityOption,Margin,230202ELUU7MFP59OA0V62000,230207EL0LV67O2RV1HJQG000-1,2023-02-02,2023-02-07,Sell,FIFO,1.00000000,L,$431.13,$274.85,-$156.28,$0.00,$0.00,,2023-02-02,2023-02-07,$431.13,$274.85,G,-$156.28,$0.00,$0.00,$0.00,-$156.28,,2023-02-02,ShortTerm,C,A,,,,
2023,CS0001eT6Ux2ZRI1ZD,9NZCMW9,"",TSLA--230217P00175000,PUT  TSLA   02/17/23   175 TESLA INC,Option,EquityOption,Margin,230202ELNOTR7Y5KQH1LMN000,230207EL20Z9R2R3PMGJ95000-1,2023-02-02,2023-02-07,Buy,FIFO,1.00000000,S,$257.13,$428.85,$171.72,$0.00,$0.00,,2023-02-02,2023-02-07,$0.00,$171.72,G,$171.72,$0.00,$0.00,$0.00,$171.72,,,ShortTerm,C,A,,,,
2023,CS0001eT6UxKAz479I,9NZCQD7_R2023-02-22,"",TSLA--230217C00215000,CALL TSLA   02/17/23   215 TESLA INC,Option,EquityOption,Margin,230202ELYAYGMP9MA6Y4N5000,230207EL5H1OPBFTDXVCX3000-1,2023-02-02,2023-02-07,Buy,FIFO,1.00000000,S,$358.13,$518.84,$160.71,$0.00,$0.00,,2023-02-02,2023-02-07,$0.00,$160.71,G,$160.71,$0.00,$0.00,$0.00,$160.71,,,ShortTerm,C,A,,,,
2023,CS0001eT6UtdIuAtjx,8LBGZH1_R2023-02-22,"",UBER--230217C00036000,CALL UBER   02/17/23    36 UBER TECHNOLOGIES INC,Option,EquityOption,Margin,230202ELHYQLU9AL90L1OW000,230208SCAVP30208057287000-1,2023-02-02,2023-02-08,Sell,FIFO,3.00000000,L,$240.39,$245.57,$5.18,$0.00,$0.00,,2023-02-02,2023-02-08,$240.39,$245.57,G,$5.18,$0.00,$0.00,$0.00,$5.18,,2023-02-02,ShortTerm,C,A,,,,
2023,CS0001eT6UykCi8WDB,9UBZPQ1_R2023-02-21,"",UBER--230217P00030000,PUT  UBER   02/17/23    30 UBER TECHNOLOGIES INC,Option,EquityOption,Margin,230202ELZNUJW14GU4VDF6000,230208SCAVP30208057289000-1,2023-02-02,2023-02-08,Buy,FIFO,3.00000000,S,$27.39,$218.59,$191.20,$0.00,$0.00,,2023-02-02,2023-02-08,$0.00,$191.20,G,$191.20,$0.00,$0.00,$0.00,$191.20,,,ShortTerm,C,A,,,,
2023,CS0001eT6Uz1oFubnG,9UBZPQ4_R2023-02-22,"",UBER--230217C00035000,CALL UBER   02/17/23    35 UBER TECHNOLOGIES INC,Option,EquityOption,Margin,230202EL565MW9U52C4AUF000,230208SCAVP30208057290000-1,2023-02-02,2023-02-08,Buy,FIFO,3.00000000,S,$372.39,$317.59,-$54.80,$0.00,$0.00,,2023-02-02,2023-02-08,$0.00,-$54.80,G,-$54.80,$0.00,$0.00,$0.00,-$54.80,,,ShortTerm,C,A,,,,
2023,CS0001eT6UuCW0mTNL,8UBYLN9,"",MRVL--230317C00052500,CALL MRVL   03/17/23    52.50 MARVELL TECHNOLOGY INC,Option,EquityOption,Margin,230202ELCSITFZG1APOAIY000,230216ELB61ZZDS7KGYYXN000-1,2023-02-02,2023-02-16,Sell,FIFO,1.00000000,L,$163.13,$116.86,-$46.27,$0.00,$0.00,,2023-02-02,2023-02-16,$163.13,$116.86,G,-$46.27,$0.00,$0.00,$0.00,-$46.27,,2023-02-02,ShortTerm,C,A,,,,
2023,CS0001eT6UuU7YYYxP,8UBYLN9,"",MRVL--230317C00052500,CALL MRVL   03/17/23    52.50 MARVELL TECHNOLOGY INC,Option,EquityOption,Margin,230202EL9C8L1YDVCLXBDK000,230216ELB61ZZDS7KGYYXN000-2,2023-02-02,2023-02-16,Sell,FIFO,1.00000000,L,$163.13,$116.86,-$46.27,$0.00,$0.00,,2023-02-02,2023-02-16,$163.13,$116.86,G,-$46.27,$0.00,$0.00,$0.00,-$46.27,,2023-02-02,ShortTerm,C,A,,,,
2023,CS0001eT6UxbmY5YMA,9PMJBK3,"",MRVL--230317C00047500,CALL MRVL   03/17/23    47.50 MARVELL TECHNOLOGY INC,Option,EquityOption,Margin,230202EL2Y46Z8LVSXKM18000,230216ELLI47YY1WYKFD1H000-1,2023-02-02,2023-02-16,Buy,FIFO,1.00000000,S,$294.13,$358.85,$64.72,$0.00,$0.00,,2023-02-02,2023-02-16,$0.00,$64.72,G,$64.72,$0.00,$0.00,$0.00,$64.72,,,ShortTerm,C,A,,,,
2023,CS0001eT6UxtO5rdwE,9PMJBK3,"",MRVL--230317C00047500,CALL MRVL   03/17/23    47.50 MARVELL TECHNOLOGY INC,Option,EquityOption,Margin,230202ELP7PKZ8OUGC6DK9000,230216ELLI47YY1WYKFD1H000-2,2023-02-02,2023-02-16,Buy,FIFO,1.00000000,S,$294.13,$358.85,$64.72,$0.00,$0.00,,2023-02-02,2023-02-16,$0.00,$64.72,G,$64.72,$0.00,$0.00,$0.00,$64.72,,,ShortTerm,C,A,,,,
2023,CS0001eT6UyAzddjWJ,9PMJBK4,"",MRVL--230317P00047500,PUT  MRVL   03/17/23    47.50 MARVELL TECHNOLOGY INC,Option,EquityOption,Margin,230202ELAN8X2JOSW1U1GF000,230216ELZBR2NBAE4153EK000-1,2023-02-02,2023-02-16,Buy,FIFO,1.00000000,S,$323.13,$328.85,$5.72,$0.00,$0.00,,2023-02-02,2023-02-16,$0.00,$5.72,G,$5.72,$0.00,$0.00,$0.00,$5.72,,,ShortTerm,C,A,,,,
2023,CS0001eT6UySbBPp6N,9PMJBK4,"",MRVL--230317P00047500,PUT  MRVL   03/17/23    47.50 MARVELL TECHNOLOGY INC,Option,EquityOption,Margin,230202ELR5BWYBKGAWBNRK000,230216ELZBR2NBAE4153EK000-2,2023-02-02,2023-02-16,Buy,FIFO,1.00000000,S,$323.13,$328.85,$5.72,$0.00,$0.00,,2023-02-02,2023-02-16,$0.00,$5.72,G,$5.72,$0.00,$0.00,$0.00,$5.72,,,ShortTerm,C,A,,,,
2023,CS0001eT6UwBku7BT5,9H89276_R2023-03-20,"",GOLD--230317C00021000,CALL GOLD   03/17/23    21 BARRICK GOLD CORPORATION,Option,EquityOption,Margin,230202ELFZ667QGFHOZDXE000,230314ELJ0MWTZGTPTJ65H000-1,2023-02-02,2023-03-14,Buy,FIFO,2.00000000,S,$2.26,$73.73,$71.47,$0.00,$0.00,,2023-02-02,2023-03-14,$0.00,$71.47,G,$71.47,$0.00,$0.00,$0.00,$71.47,,,ShortTerm,C,A,,,,
2023,CS0001eT6UwBku7BT3,9H89276_R2023-03-20,"",GOLD--230317C00021000,CALL GOLD   03/17/23    21 BARRICK GOLD CORPORATION,Option,EquityOption,Margin,230202ELFZ667QGFHOZDXE000,230314ELLMGG544149LR1P000-1,2023-02-02,2023-03-14,Buy,FIFO,3.00000000,S,$3.39,$110.61,$107.22,$0.00,$0.00,,2023-02-02,2023-03-14,$0.00,$107.22,G,$107.22,$0.00,$0.00,$0.00,$107.22,,,ShortTerm,C,A,,,,
2023,CS0001eT6UwBku7BT4,9H89276_R2023-03-20,"",GOLD--230317C00021000,CALL GOLD   03/17/23    21 BARRICK GOLD CORPORATION,Option,EquityOption,Margin,230202ELFZ667QGFHOZDXE000,230314ELX0RQECXZBS8O8P000-1,2023-02-02,2023-03-14,Buy,FIFO,1.00000000,S,$1.13,$36.87,$35.74,$0.00,$0.00,,2023-02-02,2023-03-14,$0.00,$35.74,G,$35.74,$0.00,$0.00,$0.00,$35.74,,,ShortTerm,C,A,,,,
2023,CS0001eT6UtLhSrqoq,8H89010_R2023-03-20,"",GOLD--230317C00022000,CALL GOLD   03/17/23    22 BARRICK GOLD CORPORATION,Option,EquityOption,Margin,230202ELFKM8DSLPPKGR9G000,230317KU00000002446861000-1,2023-02-02,2023-03-17,OptionExpiration,FIFO,6.00000000,L,$126.77,$0.00,-$126.77,$0.00,$0.00,,2023-02-02,2023-03-17,$126.77,$0.00,G,-$126.77,$0.00,$0.00,$0.00,-$126.77,,2023-02-02,ShortTerm,C,A,,,,
2023,CS0001eWQVM4sXVA3j,8BKQXY3_R2023-02-07,"",SPXW--230203C04250000,CALL SPXW   02/03/23  4250 CBOE S&P 500 CLOSE/EURO INDEX,Option,IndexOption,Margin,230203EL485SL0U3HP6BVL000,230203KU00000002315713000-1,2023-02-03,2023-02-03,OptionExpiration,FIFO,1.00000000,L,$18.78,$0.00,-$18.78,$0.00,$0.00,,,,,,,,,,,,,,SixtyForty,C,,-$18.78,$0.00,$0.00,-$18.78
2023,CS0001eWQVdOoloeXi,8CLLBF1_R2023-02-07,"",SPXW--230203P04075000,PUT  SPXW   02/03/23  4075 CBOE S&P 500 CLOSE/EURO INDEX,Option,IndexOption,Margin,230203ELHDTH66K1P3K27T000,230203KU00000002321370000-1,2023-02-03,2023-02-03,OptionExpiration,FIFO,1.00000000,L,$21.78,$0.00,-$21.78,$0.00,$0.00,,,,,,,,,,,,,,SixtyForty,C,,-$21.78,$0.00,$0.00,-$21.78
2023,CS0001eWQVeoqUh6S7,9BRNHQ4_R2023-02-07,"",SPXW--230203P04095000,PUT  SPXW   02/03/23  4095 CBOE S&P 500 CLOSE/EURO INDEX,Option,IndexOption,Margin,230203ELADLDCU1JVMOBTO000,230203KU00000002437678000-1,2023-02-03,2023-02-03,OptionExpiration,FIFO,1.00000000,S,$0.00,$53.22,$53.22,$0.00,$0.00,,,,,,,,,,,,,,SixtyForty,C,,$53.22,$0.00,$0.00,$53.22
2023,CS0001eWQVfO3aFHcH,9BRNHX1_R2023-02-07,"",SPXW--230203C04230000,CALL SPXW   02/03/23  4230 CBOE S&P 500 CLOSE/EURO INDEX,Option,IndexOption,Margin,230203ELOO1LR735I52J5I000,230203KU00000002438551000-1,2023-02-03,2023-02-03,OptionExpiration,FIFO,1.00000000,S,$0.00,$55.22,$55.22,$0.00,$0.00,,,,,,,,,,,,,,SixtyForty,C,,$55.22,$0.00,$0.00,$55.22
2023,CS0001eWQVeXExetXh,8PXZYD5_R2023-02-21,"",PYPL--230217C00095000,CALL PYPL   02/17/23    95 PAYPAL HOLDINGS INC,Option,EquityOption,Margin,230203EL1W1ZCRCHWSXK7Y000,230209EL1TBQDYYULEE1TG000-1,2023-02-03,2023-02-09,Sell,FIFO,1.00000000,L,$204.13,$38.85,-$165.28,$0.00,$0.00,,2023-02-03,2023-02-09,$204.13,$38.85,G,-$165.28,$0.00,$0.00,$0.00,-$165.28,,2023-02-03,ShortTerm,C,A,,,,
2023,CS0001eWQVhetxBswU,9PXZYC8,"",PYPL--230217P00080000,PUT  PYPL   02/17/23    80 PAYPAL HOLDINGS INC,Option,EquityOption,Margin,230203ELQXS0SVFZZOUEAI000,230209EL8OXJMRSRA94MAK000-1,2023-02-03,2023-02-09,Buy,FIFO,1.00000000,S,$419.13,$173.85,-$245.28,$0.00,$0.00,,2023-02-03,2023-02-09,$0.00,-$245.28,G,-$245.28,$0.00,$0.00,$0.00,-$245.28,,,ShortTerm,C,A,,,,
2023,CS0001eWQVhwVUxyWZ,9UBLLP2_R2023-02-21,"",PYPL--230217C00092500,CALL PYPL   02/17/23    92.50 PAYPAL HOLDINGS INC,Option,EquityOption,Margin,230203ELD0YYFLGTL4ZECO000,230209ELK4SW83U057K4EE000-1,2023-02-03,2023-02-09,Buy,FIFO,1.00000000,S,$55.13,$272.85,$217.72,$0.00,$0.00,,2023-02-03,2023-02-09,$0.00,$217.72,G,$217.72,$0.00,$0.00,$0.00,$217.72,,,ShortTerm,C,A,,,,
2023,CS0001eWQVfxGghOaj,9GLJJB1,"",BYND--230217C00020000,CALL BYND   02/17/23    20 BEYOND MEAT INC,Option,EquityOption,Margin,230203ELQB4QPUWN65DCZV000,230210EL191ZPZ7AU63KH9000-1,2023-02-03,2023-02-10,Buy,FIFO,5.00000000,S,$95.65,$989.31,$893.66,$0.00,$0.00,,2023-02-03,2023-02-10,$0.00,$893.66,G,$893.66,$0.00,$0.00,$0.00,$893.66,,,ShortTerm,C,A,,,,
2023,CS0001eWQVdy1sGlW7,8KTCKQ6,"",BYND--230217C00023000,CALL BYND   02/17/23    23 BEYOND MEAT INC,Option,EquityOption,Margin,230203EL4SJIHT3KVD8SHP000,230210EL3Z9Y9RIVEZNRNT000-1,2023-02-03,2023-02-10,Sell,FIFO,5.00000000,L,$560.65,$54.33,-$506.32,$0.00,$0.00,,2023-02-03,2023-02-10,$560.65,$54.33,G,-$506.32,$0.00,$0.00,$0.00,-$506.32,,2023-02-03,ShortTerm,C,A,,,,
2023,CS0001eWQVgEsETUAo,9GLJJD6,"",BYND--230217P00020000,PUT  BYND   02/17/23    20 BEYOND MEAT INC,Option,EquityOption,Margin,230203ELNPPTMFVY4RKGIK000,230210ELTEY4L8M2NA6KUU000-1,2023-02-03,2023-02-10,Buy,FIFO,5.00000000,S,$2385.65,$1084.31,-$1301.34,$0.00,$0.00,,2023-02-03,2023-02-10,$0.00,-$1301.34,G,-$1301.34,$0.00,$0.00,$0.00,-$1301.34,,,ShortTerm,C,A,,,,
2023,CS0001eZofuH0ymjdf,9CPBFY5_R2023-02-08,"",SPXW--230206P04055000,PUT  SPXW   02/06/23  4055 CBOE S&P 500 CLOSE/EURO INDEX,Option,IndexOption,Margin,230206ELHZ79QOEZCGUCQL000,230206ELKIMTBF8XVF60XD000-1,2023-02-06,2023-02-06,Buy,FIFO,1.00000000,S,$5.78,$78.22,$72.44,$0.00,$0.00,,,,,,,,,,,,,,SixtyForty,C,,$72.44,$0.00,$0.00,$72.44
2023,CS0001eZoft8angNJL,9BRLBK2_R2023-02-08,"",SPXW--230206C04170000,CALL SPXW   02/06/23  4170 CBOE S&P 500 CLOSE/EURO INDEX,Option,IndexOption,Margin,230206EL5FSH7AC39ATM9W000,230206ELTC0S3CAVINKE93000-1,2023-02-06,2023-02-06,Buy,FIFO,1.00000000,S,$5.78,$58.22,$52.44,$0.00,$0.00,,,,,,,,,,,,,,SixtyForty,C,,$52.44,$0.00,$0.00,$52.44
2023,CS0001eZofo1gzikq5,8BLQZS3,"",SPXW--230206P04040000,PUT  SPXW   02/06/23  4040 CBOE S&P 500 CLOSE/EURO INDEX,Option,IndexOption,Margin,230206ELDMNYTVSS9020OF000,230206KU00000002600250000-1,2023-02-06,2023-02-06,OptionExpiration,FIFO,2.00000000,L,$17.56,$0.00,-$17.56,$0.00,$0.00,,,,,,,,,,,,,,SixtyForty,C,,-$17.56,$0.00,$0.00,-$17.56
2023,CS0001eZofrQxX1pot,8CLNLB3_R2023-02-08,"",SPXW--230206C04230000,CALL SPXW   02/06/23  4230 CBOE S&P 500 CLOSE/EURO INDEX,Option,IndexOption,Margin,230206ELVKJ27RGRG2JSBJ000,230206KU00000002605134000-1,2023-02-06,2023-02-06,OptionExpiration,FIFO,1.00000000,L,$6.78,$0.00,-$6.78,$0.00,$0.00,,,,,,,,,,,,,,SixtyForty,C,,-$6.78,$0.00,$0.00,-$6.78
2023,CS0001eZofs0Aca0z3,8CNYYL4,"",SPXW--230206P04005000,PUT  SPXW   02/06/23  4005 CBOE S&P 500 CLOSE/EURO INDEX,Option,IndexOption,Margin,230206ELJ1IA27361N5OAI000,230206KU00000002605613000-1,2023-02-06,2023-02-06,OptionExpiration,FIFO,1.00000000,L,$11.78,$0.00,-$11.78,$0.00,$0.00,,,,,,,,,,,,,,SixtyForty,C,,-$11.78,$0.00,$0.00,-$11.78
2023,CS0001eZofuYcWYpDm,9CPBFY7_R2023-02-08,"",SPXW--230206P04090000,PUT  SPXW   02/06/23  4090 CBOE S&P 500 CLOSE/EURO INDEX,Option,IndexOption,Margin,230206EL3MXEWPJ8FNSEGY000,230206KU00000002656364000-1,2023-02-06,2023-02-06,OptionExpiration,FIFO,2.00000000,S,$0.00,$150.44,$150.44,$0.00,$0.00,,,,,,,,,,,,,,SixtyForty,C,,$150.44,$0.00,$0.00,$150.44
2023,CS0001eZoftQCMASaF,9BRTZY8,"",AMZN--230217P00100000,PUT  AMZN   02/17/23   100 AMAZON.COM INC,Option,EquityOption,Margin,230206EL31WWTVXK6Q3OEV000,230210EL30UAV17PYM1XDW000-1,2023-02-06,2023-02-10,Buy,FIFO,1.00000000,S,$391.13,$198.85,-$192.28,$0.00,$0.00,,2023-02-06,2023-02-10,$0.00,-$192.28,G,-$192.28,$0.00,$0.00,$0.00,-$192.28,,,ShortTerm,C,A,,,,
2023,CS0001eZofsZNiqBpy,8KSMHK2_R2023-02-21,"",AMZN--230217C00108000,CALL AMZN   02/17/23   108 AMAZON.COM INC,Option,EquityOption,Margin,230206ELA1U2QXF9J36CJQ000,230210EL453FCGFE385YBK000-1,2023-02-06,2023-02-10,Sell,FIFO,1.00000000,L,$128.13,$19.85,-$108.28,$0.00,$0.00,,2023-02-06,2023-02-10,$128.13,$19.85,G,-$108.28,$0.00,$0.00,$0.00,-$108.28,,2023-02-06,ShortTerm,C,A,,,,
2023,CS0001eZofthntwYAK,9BRTZY9_R2023-02-22,"",AMZN--230217C00105000,CALL AMZN   02/17/23   105 AMAZON.COM INC,Option,EquityOption,Margin,230206ELWIWO4OVF7FA39A000,230210ELK8XGBALZYJDLXL000-1,2023-02-06,2023-02-10,Buy,FIFO,1.00000000,S,$41.13,$210.85,$169.72,$0.00,$0.00,,2023-02-06,2023-02-10,$0.00,$169.72,G,$169.72,$0.00,$0.00,$0.00,$169.72,,,ShortTerm,C,A,,,,
2023,CS0001edIgY7BGq6II,9BMRZZ8_R2023-02-09,"",SPXW--230207P04095000,PUT  SPXW   02/07/23  4095 CBOE S&P 500 CLOSE/EURO INDEX,Option,IndexOption,Margin,230207ELRLRCRF0YLXA1ET000,230207ELGOQBWFX14PYALE000-1,2023-02-07,2023-02-07,Buy,FIFO,1.00000000,S,$75.78,$75.22,-$0.56,$0.00,$0.00,,,,,,,,,,,,,,SixtyForty,C,,-$0.56,$0.00,$0.00,-$0.56
2023,CS0001edIgYOmocBsM,9BMRZZ8_R2023-02-09,"",SPXW--230207P04095000,PUT  SPXW   02/07/23  4095 CBOE S&P 500 CLOSE/EURO INDEX,Option,IndexOption,Margin,230207ELKEP0I61VEWOL85000,230207ELGOQBWFX14PYALE000-2,2023-02-07,2023-02-07,Buy,FIFO,1.00000000,S,$75.78,$80.22,$4.44,$0.00,$0.00,,,,,,,,,,,,,,SixtyForty,C,,$4.44,$0.00,$0.00,$4.44
2023,CS0001edIgXXyBHv88,9BKLYY0,"",SPXW--230207P04090000,PUT  SPXW   02/07/23  4090 CBOE S&P 500 CLOSE/EURO INDEX,Option,IndexOption,Margin,230207SCAVP30207060481000,230207ELUO8RDJP7XJ8XFV000-1,2023-02-07,2023-02-07,Buy,FIFO,2.00000000,S,$11.56,$96.44,$84.88,$0.00,$0.00,,,,,,,,,,,,,,SixtyForty,C,,$84.88,$0.00,$0.00,$84.88
2023,CS0001edIgPJPNnJGC,8BKLQZ0_R2023-02-09,"",SPXW--230207P04045000,PUT  SPXW   02/07/23  4045 CBOE S&P 500 CLOSE/EURO INDEX,Option,IndexOption,Margin,230207ELDRJKTNQRW79C8V000,230207KU00000002936643000-1,2023-02-07,2023-02-07,OptionExpiration,FIFO,1.00000000,L,$8.78,$0.00,-$8.78,$0.00,$0.00,,,,,,,,,,,,,,SixtyForty,C,,-$8.78,$0.00,$0.00,-$8.78
2023,CS0001edIgVqKudNdg,8BKLQZ0_R2023-02-09,"",SPXW--230207P04045000,PUT  SPXW   02/07/23  4045 CBOE S&P 500 CLOSE/EURO INDEX,Option,IndexOption,Margin,230207ELBP9OBPV0HKJY38000,230207KU00000002936643000-2,2023-02-07,2023-02-07,OptionExpiration,FIFO,1.00000000,L,$8.78,$0.00,-$8.78,$0.00,$0.00,,,,,,,,,,,,,,SixtyForty,C,,-$8.78,$0.00,$0.00,-$8.78
2023,CS0001edIgWPY3otTl,8NHHVG3,"",OXY---230317C00067500,CALL OXY    03/17/23    67.50 OCCIDENTAL PETROLEUM CORP,Option,EquityOption,Margin,230207ELXA5GOFQM1XJF7M000,230303SCAVP30303058838000-1,2023-02-07,2023-03-03,Sell,FIFO,2.00000000,L,$372.26,$23.71,-$348.55,$0.00,$0.00,,2023-02-07,2023-03-03,$372.26,$23.71,G,-$348.55,$0.00,$0.00,$0.00,-$348.55,,2023-02-07,ShortTerm,C,A,,,,
2023,CS0001edIgYgOQ1c8K,9NHHVG0_R2023-03-21,"",OXY---230317P00060000,PUT  OXY    03/17/23    60 OCCIDENTAL PETROLEUM CORP,Option,EquityOption,Margin,230207ELHIKOF4MRNKOI02000,230303SCAVP30303058840000-1,2023-02-07,2023-03-03,Buy,FIFO,2.00000000,S,$250.26,$389.72,$139.46,$0.00,$0.00,,2023-02-07,2023-03-03,$0.00,$139.46,G,$139.46,$0.00,$0.00,$0.00,$139.46,,,ShortTerm,C,A,,,,
2023,CS0001edIgYxzxnhiP,9NHHVG1_R2023-03-21,"",OXY---230317C00065000,CALL OXY    03/17/23    65 OCCIDENTAL PETROLEUM CORP,Option,EquityOption,Margin,230207ELX6Q4RDRC61MPR6000,230303SCAVP30303058841000-1,2023-02-07,2023-03-03,Buy,FIFO,2.00000000,S,$62.26,$551.71,$489.45,$0.00,$0.00,,2023-02-07,2023-03-03,$0.00,$489.45,G,$489.45,$0.00,$0.00,$0.00,$489.45,,,ShortTerm,C,A,,,,
2023,CS0001edIgZoodUGIT,9SWZTJ0_R2023-03-20,"",BBY---230317C00087500,CALL BBY    03/17/23    87.50 BEST BUY CO INC,Option,EquityOption,Margin,230207ELH7RDDXNG6LQ4MH000,230313EL9VB1CX7DGAVXVQ000-1,2023-02-07,2023-03-13,Buy,FIFO,1.00000000,S,$5.13,$431.85,$426.72,$0.00,$0.00,,2023-02-07,2023-03-13,$0.00,$426.72,G,$426.72,$0.00,$0.00,$0.00,$426.72,,,ShortTerm,C,A,,,,
2023,CS0001edIga6QBGLsY,9SWZTJ1,"",BBY---230317P00087500,PUT  BBY    03/17/23    87.50 BEST BUY CO INC,Option,EquityOption,Margin,230207ELLC7YGD3WII5R1C000,230313ELOVAOK810A0IZXD000-1,2023-02-07,2023-03-13,Buy,FIFO,1.00000000,S,$1106.13,$453.84,-$652.29,$0.00,$0.00,,2023-02-07,2023-03-13,$0.00,-$652.29,G,-$652.29,$0.00,$0.00,$0.00,-$652.29,,,ShortTerm,C,A,,,,
2023,CS0001edIgWylBjMTh,8PFRDB7_R2023-03-20,"",BBY---230317C00092500,CALL BBY    03/17/23    92.50 BEST BUY CO INC,Option,EquityOption,Margin,230207ELQTL9I0R3KD4AZV000,230313ELTQ179714BR2ULE000-1,2023-02-07,2023-03-13,Sell,FIFO,1.00000000,L,$229.13,$5.85,-$223.28,$0.00,$0.00,,2023-02-07,2023-03-13,$229.13,$5.85,G,-$223.28,$0.00,$0.00,$0.00,-$223.28,,2023-02-07,ShortTerm,C,A,,,,
2023,CS0001egh90JSD7biR,9CNYDK1_R2023-02-10,"",SPXW--230208P04100000,PUT  SPXW   02/08/23  4100 CBOE S&P 500 CLOSE/EURO INDEX,Option,IndexOption,Margin,230208SCAVP30208057288000,230208EL9PPCEPVT0AQTE1000-1,2023-02-08,2023-02-08,Buy,FIFO,2.00000000,S,$281.56,$140.44,-$141.12,$0.00,$0.00,,,,,,,,,,,,,,SixtyForty,C,,-$141.12,$0.00,$0.00,-$141.12
2023,CS0001egh8u48E3cuy,8CNYDJ9_R2023-02-10,"",SPXW--230208P04050000,PUT  SPXW   02/08/23  4050 CBOE S&P 500 CLOSE/EURO INDEX,Option,IndexOption,Margin,230208SCAVP30208057286000,230208KU00000003159824000-1,2023-02-08,2023-02-08,OptionExpiration,FIFO,2.00000000,L,$17.56,$0.00,-$17.56,$0.00,$0.00,,,,,,,,,,,,,,SixtyForty,C,,-$17.56,$0.00,$0.00,-$17.56
2023,CS0001egh8zkFA1tSl,8UCLLM8,"",APA---230224C00048000,CALL APA    02/24/23    48 APA CORPORATION,Option,EquityOption,Margin,230208EL0JCTHSDBNJL8OC000,230223SCAVP30223054118000-1,2023-02-08,2023-02-23,Sell,FIFO,5.00000000,L,$210.65,$12.32,-$198.33,$0.00,$0.00,,2023-02-08,2023-02-23,$210.65,$12.32,G,-$198.33,$0.00,$0.00,$0.00,-$198.33,,2023-02-08,ShortTerm,C,A,,,,
2023,CS0001egh91AGsuLNA,9UCLLL5_R2023-02-27,"",APA---230224P00041000,PUT  APA    02/24/23    41 APA CORPORATION,Option,EquityOption,Margin,230208ELR31OYW9VSTEDY8000,230223SCAVP30223054121000-1,2023-02-08,2023-02-23,Buy,FIFO,5.00000000,S,$974.65,$449.32,-$525.33,$0.00,$0.00,,2023-02-08,2023-02-23,$0.00,-$525.33,G,-$525.33,$0.00,$0.00,$0.00,-$525.33,,,ShortTerm,C,A,,,,
2023,CS0001egh91RsQgQxF,9UCLLM6_R2023-02-27,"",APA---230224C00047000,CALL APA    02/24/23    47 APA CORPORATION,Option,EquityOption,Margin,230208ELPSS6PPXF9C8RC7000,230223SCAVP30223054122000-1,2023-02-08,2023-02-23,Buy,FIFO,5.00000000,S,$9.65,$279.33,$269.68,$0.00,$0.00,,2023-02-08,2023-02-23,$0.00,$269.68,G,$269.68,$0.00,$0.00,$0.00,$269.68,,,ShortTerm,C,A,,,,
2023,CS0001ejSHeUHgi1Dg,8CNYSY9_R2023-02-13,"",SPXW--230209P04025000,PUT  SPXW   02/09/23  4025 CBOE S&P 500 CLOSE/EURO INDEX,Option,IndexOption,Margin,230209SCAVP30209063175000,230209ELFXKN958FH9VXQ6000-1,2023-02-09,2023-02-09,Sell,FIFO,2.00000000,L,$17.56,$18.44,$0.88,$0.00,$0.00,,,,,,,,,,,,,,SixtyForty,C,,$0.88,$0.00,$0.00,$0.88
2023,CS0001ejSHiB9lnBmY,9CPBGG1_R2023-02-13,"",SPXW--230209P04075000,PUT  SPXW   02/09/23  4075 CBOE S&P 500 CLOSE/EURO INDEX,Option,IndexOption,Margin,230209SCAVP30209063177000,230209SCAVP30209063176000-1,2023-02-09,2023-02-09,Buy,FIFO,2.00000000,S,$291.56,$140.44,-$151.12,$0.00,$0.00,,,,,,,,,,,,,,SixtyForty,C,,-$151.12,$0.00,$0.00,-$151.12
2023,CS0001ejSHikMs4PUY,9GPFVT6,"",ATVI--230317P00077500,PUT  ATVI   03/17/23    77.50 ACTIVISION BLIZZARD INC,Option,EquityOption,Margin,230209ELBVJS7LNHTMQBEZ000,230215EL2H3BQ9M2RQN3AU000-1,2023-02-09,2023-02-15,Buy,FIFO,1.00000000,S,$212.13,$421.85,$209.72,$0.00,$0.00,,2023-02-09,2023-02-15,$0.00,$209.72,G,$209.72,$0.00,$0.00,$0.00,$209.72,,,ShortTerm,C,A,,,,
2023,CS0001emJEHyBy2tfc,8BRQHN3_R2023-02-14,"",SPXW--230210P04000000,PUT  SPXW   02/10/23  4000 CBOE S&P 500 CLOSE/EURO INDEX,Option,IndexOption,Margin,230210ELPGM8OYKPWITNVT000,230210KU00000002623103000-1,2023-02-10,2023-02-10,OptionExpiration,FIFO,2.00000000,L,$13.56,$0.00,-$13.56,$0.00,$0.00,,,,,,,,,,,,,,SixtyForty,C,,-$13.56,$0.00,$0.00,-$13.56
2023,CS0001emJEQCklXVXe,9CNVZT7,"",SPXW--230210P04050000,PUT  SPXW   02/10/23  4050 CBOE S&P 500 CLOSE/EURO INDEX,Option,IndexOption,Margin,230210EL958R69CDUBEM4L000,230210KU00000002749623000-1,2023-02-10,2023-02-10,OptionExpiration,FIFO,2.00000000,S,$0.00,$136.44,$136.44,$0.00,$0.00,,,,,,,,,,,,,,SixtyForty,C,,$136.44,$0.00,$0.00,$136.44
2023,CS0001emJENvuUdGFY,8CSQMS6,"",WMT---230317C00150000,CALL WMT    03/17/23   150 WALMART INC,Option,EquityOption,Margin,230210EL2PJDPHL3AQWSXD000,230310ELKTSLKI5CMVX7JA000-1,2023-02-10,2023-03-10,Sell,FIFO,1.00000000,L,$166.13,$0.85,-$165.28,$0.00,$0.00,,2023-02-10,2023-03-10,$166.13,$0.85,G,-$165.28,$0.00,$0.00,$0.00,-$165.28,,2023-02-10,ShortTerm,C,A,,,,
2023,CS0001emJER3ZUAFeL,9CSQMS4_R2023-03-21,"",WMT---230317P00145000,PUT  WMT    03/17/23   145 WALMART INC,Option,EquityOption,Margin,230210EL2ZYSJQ3X2FU7OX000,230310ELUDQ7TMPMAECQHQ000-1,2023-02-10,2023-03-10,Buy,FIFO,1.00000000,S,$875.13,$547.84,-$327.29,$0.00,$0.00,,2023-02-10,2023-03-10,$0.00,-$327.29,G,-$327.29,$0.00,$0.00,$0.00,-$327.29,,,ShortTerm,C,A,,,,
2023,CS0001emJEQlxwOA4G,9CSQMG4,"",WMT---230317C00145000,CALL WMT    03/17/23   145 WALMART INC,Option,EquityOption,Margin,230210EL2DLOBU6QIPP3QG000,230310ELZA07AGECBJKOHJ000-1,2023-02-10,2023-03-10,Buy,FIFO,1.00000000,S,$5.13,$349.85,$344.72,$0.00,$0.00,,2023-02-10,2023-03-10,$0.00,$344.72,G,$344.72,$0.00,$0.00,$0.00,$344.72,,,ShortTerm,C,A,,,,
2023,CS0001emJESlClooUU,9SFMJL2_R2023-03-27,"",BYND--230324C00017000,CALL BYND   03/24/23    17 BEYOND MEAT INC,Option,EquityOption,Margin,230210ELWNACPQZARK2IMB000,230320ELHZJMCA9FP9WRCW000-1,2023-02-10,2023-03-20,Buy,FIFO,5.00000000,S,$80.65,$919.31,$838.66,$0.00,$0.00,,2023-02-10,2023-03-20,$0.00,$838.66,G,$838.66,$0.00,$0.00,$0.00,$838.66,,,ShortTerm,C,A,,,,
2023,CS0001emJET2oJau4Z,9SFMJL3_R2023-03-28,"",BYND--230324P00017000,PUT  BYND   03/24/23    17 BEYOND MEAT INC,Option,EquityOption,Margin,230210EL0HCUHLQQKVI0DT000,230320ELT3I94DFPTFJYL2000-1,2023-02-10,2023-03-20,Buy,FIFO,5.00000000,S,$1055.65,$2189.28,$1133.63,$0.00,$0.00,,2023-02-10,2023-03-20,$0.00,$1133.63,G,$1133.63,$0.00,$0.00,$0.00,$1133.63,,,ShortTerm,C,A,,,,
2023,CS0001emJEPLwEVjVf,8SFMJN7_R2023-03-27,"",BYND--230324C00019000,CALL BYND   03/24/23    19 BEYOND MEAT INC,Option,EquityOption,Margin,230210EL06DZICIYS05CO8000,230320ELZFY4YQT32Q9N2Q000-1,2023-02-10,2023-03-20,Sell,FIFO,5.00000000,L,$695.65,$24.33,-$671.32,$0.00,$0.00,,2023-02-10,2023-03-20,$695.65,$24.33,G,-$671.32,$0.00,$0.00,$0.00,-$671.32,,2023-02-10,ShortTerm,C,A,,,,
2023,CS0001emJESBzgQ0tc,9SFJZK0_R2023-03-28,"",AMZN--230324P00095000,PUT  AMZN   03/24/23    95 AMAZON.COM INC,Option,EquityOption,Margin,230210EL7ZLQAOALL26W4E000,230321EL5UUGVW66210KL1000-1,2023-02-10,2023-03-21,Buy,FIFO,1.00000000,S,$29.13,$392.85,$363.72,$0.00,$0.00,,2023-02-10,2023-03-21,$0.00,$363.72,G,$363.72,$0.00,$0.00,$0.00,$363.72,,,ShortTerm,C,A,,,,
2023,CS0001emJEP4Kgt1Ur,8SFJZS9_R2023-03-28,"",AMZN--230324C00105000,CALL AMZN   03/24/23   105 AMAZON.COM INC,Option,EquityOption,Margin,230210ELCGAJ9IE6SG0RQM000,230321EL64KHVX1IQJ087R000-1,2023-02-10,2023-03-21,Sell,FIFO,1.00000000,L,$254.13,$26.85,-$227.28,$0.00,$0.00,,2023-02-10,2023-03-21,$254.13,$26.85,G,-$227.28,$0.00,$0.00,$0.00,-$227.28,,2023-02-10,ShortTerm,C,A,,,,
2023,CS0001emJESTbEC6Th,9SFJZM0_R2023-03-28,"",AMZN--230324C00100000,CALL AMZN   03/24/23   100 AMAZON.COM INC,Option,EquityOption,Margin,230210ELIHH30TFA2NZOFA000,230321ELZKRRH8SGJP3PV5000-1,2023-02-10,2023-03-21,Buy,FIFO,1.00000000,S,$193.13,$432.85,$239.72,$0.00,$0.00,,2023-02-10,2023-03-21,$0.00,$239.72,G,$239.72,$0.00,$0.00,$0.00,$239.72,,,ShortTerm,C,A,,,,
2023,CS0001eqIW0DrhdTpD,9BMSNZ6_R2023-02-15,"",SPXW--230213P04095000,PUT  SPXW   02/13/23  4095 CBOE S&P 500 CLOSE/EURO INDEX,Option,IndexOption,Margin,230213ELEY8OKQU95LSENJ000,230213ELA3CARQJJNL4XM4000-1,2023-02-13,2023-02-13,Buy,FIFO,2.00000000,S,$11.56,$110.44,$98.88,$0.00,$0.00,,,,,,,,,,,,,,SixtyForty,C,,$98.88,$0.00,$0.00,$98.88
2023,CS0001eqIVqqsj2Vd4,8CNYZB2,"",SPXW--230213P04045000,PUT  SPXW   02/13/23  4045 CBOE S&P 500 CLOSE/EURO INDEX,Option,IndexOption,Margin,230213EL3WEJBJAQ3UXZDO000,230213KU00000002277138000-1,2023-02-13,2023-02-13,OptionExpiration,FIFO,2.00000000,L,$17.56,$0.00,-$17.56,$0.00,$0.00,,,,,,,,,,,,,,SixtyForty,C,,-$17.56,$0.00,$0.00,-$17.56
2023,CS0001etUyyWFHo0o3,9BMSTM6,"",SPXW--230214P04105000,PUT  SPXW   02/14/23  4105 CBOE S&P 500 CLOSE/EURO INDEX,Option,IndexOption,Margin,230214ELZDOQSDR88WC2A8000,230214ELQ8F129SB1YKU9T000-1,2023-02-14,2023-02-14,Buy,FIFO,2.00000000,S,$11.56,$160.44,$148.88,$0.00,$0.00,,,,,,,,,,,,,,SixtyForty,C,,$148.88,$0.00,$0.00,$148.88
2023,CS0001etUykbZanbIp,8BKMDS6_R2023-02-16,"",SPXW--230214P04055000,PUT  SPXW   02/14/23  4055 CBOE S&P 500 CLOSE/EURO INDEX,Option,IndexOption,Margin,230214ELMHPEDA8AVJ6DNZ000,230214KU00000002599713000-1,2023-02-14,2023-02-14,OptionExpiration,FIFO,2.00000000,L,$17.56,$0.00,-$17.56,$0.00,$0.00,,,,,,,,,,,,,,SixtyForty,C,,-$17.56,$0.00,$0.00,-$17.56
2023,CS0001ezGSFcnrZlme,9BMVVR6_R2023-02-21,"",SPXW--230216P04110000,PUT  SPXW   02/16/23  4110 CBOE S&P 500 CLOSE/EURO INDEX,Option,IndexOption,Margin,230216EL5JWP4DIOKXLL06000,230216ELB8A5T9N3J415IG000-1,2023-02-16,2023-02-16,Buy,FIFO,2.00000000,S,$381.56,$140.44,-$241.12,$0.00,$0.00,,,,,,,,,,,,,,SixtyForty,C,,-$241.12,$0.00,$0.00,-$241.12
2023,CS0001ezGSAEIVq3jO,8BMVHS6_R2023-02-21,"",SPXW--230216P04060000,PUT  SPXW   02/16/23  4060 CBOE S&P 500 CLOSE/EURO INDEX,Option,IndexOption,Margin,230216ELSEED278DOPYAZH000,230216KU00000004890021000-1,2023-02-16,2023-02-16,OptionExpiration,FIFO,2.00000000,L,$17.56,$0.00,-$17.56,$0.00,$0.00,,,,,,,,,,,,,,SixtyForty,C,,-$17.56,$0.00,$0.00,-$17.56
2023,CS0001fFPKxfDPXtJK,8BMJFC9_R2023-02-22,"",SPXW--230217P03980000,PUT  SPXW   02/17/23  3980 CBOE S&P 500 CLOSE/EURO INDEX,Option,IndexOption,Margin,230217EL2OYAJA9O1T3EG3000,230217KU00000002641384000-1,2023-02-17,2023-02-17,OptionExpiration,FIFO,2.00000000,L,$17.56,$0.00,-$17.56,$0.00,$0.00,,,,,,,,,,,,,,SixtyForty,C,,-$17.56,$0.00,$0.00,-$17.56
2023,CS0001fFPLlMBkHe6d,9BMJFQ3,"",SPXW--230217P04030000,PUT  SPXW   02/17/23  4030 CBOE S&P 500 CLOSE/EURO INDEX,Option,IndexOption,Margin,230217EL0HC0HB9MTHHL6Z000,230217SCAVP30217061928000-1,2023-02-17,2023-02-17,Buy,FIFO,2.00000000,S,$11.56,$180.44,$168.88,$0.00,$0.00,,,,,,,,,,,,,,SixtyForty,C,,$168.88,$0.00,$0.00,$168.88
2023,CS0001fLZmjaGfLAZ8,9BMMWL5,"",SPXW--230222P03960000,PUT  SPXW   02/22/23  3960 CBOE S&P 500 CLOSE/EURO INDEX,Option,IndexOption,Margin,230222ELGDO1DMEZRNACPO000,230222ELF4PPE37YQLH22D000-1,2023-02-22,2023-02-22,Buy,FIFO,2.00000000,S,$11.56,$150.44,$138.88,$0.00,$0.00,,,,,,,,,,,,,,SixtyForty,C,,$138.88,$0.00,$0.00,$138.88
2023,CS0001fLZmcU82wv1T,8BMMWK8,"",SPXW--230222P03930000,PUT  SPXW   02/22/23  3930 CBOE S&P 500 CLOSE/EURO INDEX,Option,IndexOption,Margin,230222ELLT78XP0KFL4U84000,230222KU00000002651625000-1,2023-02-22,2023-02-22,OptionExpiration,FIFO,2.00000000,L,$17.56,$0.00,-$17.56,$0.00,$0.00,,,,,,,,,,,,,,SixtyForty,C,,-$17.56,$0.00,$0.00,-$17.56
2023,CS0001fNzOnbvQD46m,9BMWWW4,"",SPXW--230223P03975000,PUT  SPXW   02/23/23  3975 CBOE S&P 500 CLOSE/EURO INDEX,Option,IndexOption,Margin,230223ELV0E7YFLEGX31K8000,230223ELEL03BVV4QHXLNU000-1,2023-02-23,2023-02-23,Buy,FIFO,2.00000000,S,$11.56,$170.44,$158.88,$0.00,$0.00,,,,,,,,,,,,,,SixtyForty,C,,$158.88,$0.00,$0.00,$158.88
2023,CS0001fNzOjLqFZiNl,8BMWWV6_R2023-02-27,"",SPXW--230223P03940000,PUT  SPXW   02/23/23  3940 CBOE S&P 500 CLOSE/EURO INDEX,Option,IndexOption,Margin,230223ELNLCZOGMLINO444000,230223KU00000002540076000-1,2023-02-23,2023-02-23,OptionExpiration,FIFO,2.00000000,L,$27.56,$0.00,-$27.56,$0.00,$0.00,,,,,,,,,,,,,,SixtyForty,C,,-$27.56,$0.00,$0.00,-$27.56
2023,CS0001fNzOml6qDzo8,8LCSNW9_R2023-03-15,"",APA---230317C00048000,CALL APA    03/17/23    48 APA CORPORATION,Option,EquityOption,Margin,230223SCAVP30223054117000,230313SCAVP30313039263000-1,2023-02-23,2023-03-13,Sell,FIFO,5.00000000,L,$35.65,$4.32,-$31.33,$0.00,$0.00,,2023-02-23,2023-03-13,$35.65,$4.32,G,-$31.33,$0.00,$0.00,$0.00,-$31.33,,2023-02-23,ShortTerm,C,A,,,,
2023,CS0001fNzOntX1KM8V,9LCSMR7_R2023-03-15,"",APA---230317P00041000,PUT  APA    03/17/23    41 APA CORPORATION,Option,EquityOption,Margin,230223SCAVP30223054119000,230313SCAVP30313039264000-1,2023-02-23,2023-03-13,Buy,FIFO,5.00000000,S,$3245.65,$1404.29,-$1841.36,$0.00,$0.00,,2023-02-23,2023-03-13,$0.00,-$1841.36,G,-$1841.36,$0.00,$0.00,$0.00,-$1841.36,,,ShortTerm,C,A,,,,
2023,CS0001fNzOoB8Z6Ria,9LCSNW2_R2023-03-15,"",APA---230317C00047000,CALL APA    03/17/23    47 APA CORPORATION,Option,EquityOption,Margin,230223SCAVP30223054120000,230313SCAVP30313039265000-1,2023-02-23,2023-03-13,Buy,FIFO,5.00000000,S,$10.65,$39.32,$28.67,$0.00,$0.00,,2023-02-23,2023-03-13,$0.00,$28.67,G,$28.67,$0.00,$0.00,$0.00,$28.67,,,ShortTerm,C,A,,,,
2023,CS0001fQqulqjaeXGj,9CPBXD4,"",SPXW--230224P03935000,PUT  SPXW   02/24/23  3935 CBOE S&P 500 CLOSE/EURO INDEX,Option,IndexOption,Margin,230224SCAVP30224055207000,230224ELOKWGNV81VOY2QS000-1,2023-02-24,2023-02-24,Buy,FIFO,2.00000000,S,$11.56,$160.44,$148.88,$0.00,$0.00,,,,,,,,,,,,,,SixtyForty,C,,$148.88,$0.00,$0.00,$148.88
2023,CS0001fQquekayGHj6,8CPBXC8_R2023-02-28,"",SPXW--230224P03895000,PUT  SPXW   02/24/23  3895 CBOE S&P 500 CLOSE/EURO INDEX,Option,IndexOption,Margin,230224SCAVP30224055206000,230224KU00000002868362000-1,2023-02-24,2023-02-24,OptionExpiration,FIFO,2.00000000,L,$17.56,$0.00,-$17.56,$0.00,$0.00,,,,,,,,,,,,,,SixtyForty,C,,-$17.56,$0.00,$0.00,-$17.56
2023,CS0001fTfidse7ZdOt,8BMXKY8_R2023-03-01,"",SPXW--230227P03945000,PUT  SPXW   02/27/23  3945 CBOE S&P 500 CLOSE/EURO INDEX,Option,IndexOption,Margin,230227SCAVP30227048091000,230227EL5KVT3ZBUD86AH7000-1,2023-02-27,2023-02-27,Sell,FIFO,5.00000000,L,$58.90,$46.10,-$12.80,$0.00,$0.00,,,,,,,,,,,,,,SixtyForty,C,,-$12.80,$0.00,$0.00,-$12.80
2023,CS0001fTgblumV1I9U,9BKXPC0,"",SPXW--230227P03980000,PUT  SPXW   02/27/23  3980 CBOE S&P 500 CLOSE/EURO INDEX,Option,IndexOption,Margin,230227SCAVP30227048093000,230227SCAVP30227048092000-1,2023-02-27,2023-02-27,Buy,FIFO,5.00000000,S,$1413.90,$491.10,-$922.80,$0.00,$0.00,,,,,,,,,,,,,,SixtyForty,C,,-$922.80,$0.00,$0.00,-$922.80
2023,CS0001fWRigT6Vda5z,9CKRQF5_R2023-03-02,"",SPXW--230228P03970000,PUT  SPXW   02/28/23  3970 CBOE S&P 500 CLOSE/EURO INDEX,Option,IndexOption,Margin,230228ELOHXREWR3P71BQ2000,230228ELG0586PX9UN6U4Z000-1,2023-02-28,2023-02-28,Buy,FIFO,5.00000000,S,$1053.90,$401.10,-$652.80,$0.00,$0.00,,,,,,,,,,,,,,SixtyForty,C,,-$652.80,$0.00,$0.00,-$652.80
2023,CS0001fWRiKbTYueJ0,8CKRQD9_R2023-03-02,"",SPXW--230228P03940000,PUT  SPXW   02/28/23  3940 CBOE S&P 500 CLOSE/EURO INDEX,Option,IndexOption,Margin,230228EL131VBOWL3E5F3Y000,230228KU00000002498421000-1,2023-02-28,2023-02-28,OptionExpiration,FIFO,5.00000000,L,$68.90,$0.00,-$68.90,$0.00,$0.00,,,,,,,,,,,,,,SixtyForty,C,,-$68.90,$0.00,$0.00,-$68.90
2023,CS0001fZCKEAwOrFI9,9BRNMR1_R2023-03-03,"",SPXW--230301P03930000,PUT  SPXW   03/01/23  3930 CBOE S&P 500 CLOSE/EURO INDEX,Option,IndexOption,Margin,230301ELQZ2MIJ61E3GG2C000,230301ELQ2S1HDDHS1RR4K000-1,2023-03-01,2023-03-01,Buy,FIFO,5.00000000,S,$28.90,$501.10,$472.20,$0.00,$0.00,,,,,,,,,,,,,,SixtyForty,C,,$472.20,$0.00,$0.00,$472.20
2023,CS0001fZCK2FVWHSrQ,8CPVQB6_R2023-03-03,"",SPXW--230301P03895000,PUT  SPXW   03/01/23  3895 CBOE S&P 500 CLOSE/EURO INDEX,Option,IndexOption,Margin,230301ELWH2WJLGXRXWX5M000,230301KU00000002598177000-1,2023-03-01,2023-03-01,OptionExpiration,FIFO,5.00000000,L,$43.90,$0.00,-$43.90,$0.00,$0.00,,,,,,,,,,,,,,SixtyForty,C,,-$43.90,$0.00,$0.00,-$43.90
2023,CS0001fceSPBIm1Cey,8B00952,"",SPXW--230302P03900000,PUT  SPXW   03/02/23  3900 CBOE S&P 500 CLOSE/EURO INDEX,Option,IndexOption,Margin,230302ELRCV7XLJ2M508KM000,230302KU00000002876932000-1,2023-03-02,2023-03-02,OptionExpiration,FIFO,5.00000000,L,$43.90,$0.00,-$43.90,$0.00,$0.00,,,,,,,,,,,,,,SixtyForty,C,,-$43.90,$0.00,$0.00,-$43.90
2023,CS0001fceSfeQN0QOj,9CPDQX3,"",SPXW--230302P03945000,PUT  SPXW   03/02/23  3945 CBOE S&P 500 CLOSE/EURO INDEX,Option,IndexOption,Margin,230302EL2J02Z3VBALMEW6000,230302SCAVP30302053960000-1,2023-03-02,2023-03-02,Buy,FIFO,5.00000000,S,$28.90,$551.10,$522.20,$0.00,$0.00,,,,,,,,,,,,,,SixtyForty,C,,$522.20,$0.00,$0.00,$522.20
2023,CS0001ffHnybbnNYPY,8BRNPD9,"",SPXW--230303P03985000,PUT  SPXW   03/03/23  3985 CBOE S&P 500 CLOSE/EURO INDEX,Option,IndexOption,Margin,230303ELXI0M02JPMVP7F8000,230303KU00000003305001000-1,2023-03-03,2023-03-03,OptionExpiration,FIFO,5.00000000,L,$68.90,$0.00,-$68.90,$0.00,$0.00,,,,,,,,,,,,,,SixtyForty,C,,-$68.90,$0.00,$0.00,-$68.90
2023,CS0001ffHo7gzECR1e,9CPBXK8_R2023-03-07,"",SPXW--230303P04020000,PUT  SPXW   03/03/23  4020 CBOE S&P 500 CLOSE/EURO INDEX,Option,IndexOption,Margin,230303ELWX6IGNNMR65EF0000,230303SCAVP30303058839000-1,2023-03-03,2023-03-03,Buy,FIFO,5.00000000,S,$28.90,$426.10,$397.20,$0.00,$0.00,,,,,,,,,,,,,,SixtyForty,C,,$397.20,$0.00,$0.00,$397.20
2023,CS0001fhyw36EVZbNy,8B06448_R2023-03-08,"",SPXW--230306P03995000,PUT  SPXW   03/06/23  3995 CBOE S&P 500 CLOSE/EURO INDEX,Option,IndexOption,Margin,230306EL9CCK1QFOQ9V4CH000,230306KU00000002809733000-1,2023-03-06,2023-03-06,OptionExpiration,FIFO,5.00000000,L,$43.90,$0.00,-$43.90,$0.00,$0.00,,,,,,,,,,,,,,SixtyForty,C,,-$43.90,$0.00,$0.00,-$43.90
2023,CS0001fhywH0uCa0t9,9B06454_R2023-03-08,"",SPXW--230306P04035000,PUT  SPXW   03/06/23  4035 CBOE S&P 500 CLOSE/EURO INDEX,Option,IndexOption,Margin,230306EL031DTNZ0X6X051000,230306SCAVP30306050088000-1,2023-03-06,2023-03-06,Buy,FIFO,5.00000000,S,$28.90,$326.10,$297.20,$0.00,$0.00,,,,,,,,,,,,,,SixtyForty,C,,$297.20,$0.00,$0.00,$297.20
2023,CS0001fhywHIVqWlEv,9GGZFZ8_R2023-04-24,"",FL----230421P00040000,PUT  FL     04/21/23    40 FOOT LOCKER INC,Option,EquityOption,Margin,230306ELI9LV6WGRI2QJTP000,230417SCAVP30417042540000-1,2023-03-06,2023-04-17,Buy,FIFO,5.00000000,S,$375.65,$784.33,$408.68,$0.00,$0.00,,2023-03-06,2023-04-17,$0.00,$408.68,G,$408.68,$0.00,$0.00,$0.00,$408.68,,,ShortTerm,C,A,,,,
2023,CS0001fl7E4GCsjl8N,9CPCHV1_R2023-03-09,"",SPXW--230307P03970000,PUT  SPXW   03/07/23  3970 CBOE S&P 500 CLOSE/EURO INDEX,Option,IndexOption,Margin,230307SCAVP30307048796000,230307ELWG1MV8XXALWHQ1000-1,2023-03-07,2023-03-07,Buy,FIFO,5.00000000,S,$28.90,$666.10,$637.20,$0.00,$0.00,,,,,,,,,,,,,,SixtyForty,C,,$637.20,$0.00,$0.00,$637.20
2023,CS0001fl7E2qB9rJE2,8BMSBG7_R2023-03-09,"",SPXW--230307P03935000,PUT  SPXW   03/07/23  3935 CBOE S&P 500 CLOSE/EURO INDEX,Option,IndexOption,Margin,230307SCAVP30307048795000,230307KU00000002670541000-1,2023-03-07,2023-03-07,OptionExpiration,FIFO,5.00000000,L,$58.90,$0.00,-$58.90,$0.00,$0.00,,,,,,,,,,,,,,SixtyForty,C,,-$58.90,$0.00,$0.00,-$58.90
2023,CS0001foOpDaV4mrTn,8CPDRD1_R2023-03-10,"",SPXW--230308P03935000,PUT  SPXW   03/08/23  3935 CBOE S&P 500 CLOSE/EURO INDEX,Option,IndexOption,Margin,230308ELH6SQADZ3ES45G9000,230308KU00000003190805000-1,2023-03-08,2023-03-08,OptionExpiration,FIFO,7.00000000,L,$61.45,$0.00,-$61.45,$0.00,$0.00,,,,,,,,,,,,,,SixtyForty,C,,-$61.45,$0.00,$0.00,-$61.45
2023,CS0001foOpF0WnfJO8,9CPDRD9_R2023-03-10,"",SPXW--230308P03960000,PUT  SPXW   03/08/23  3960 CBOE S&P 500 CLOSE/EURO INDEX,Option,IndexOption,Margin,230308EL95N09MDNJS01X5000,230308SCAVP30308046906000-1,2023-03-08,2023-03-08,Buy,FIFO,7.00000000,S,$40.45,$596.55,$556.10,$0.00,$0.00,,,,,,,,,,,,,,SixtyForty,C,,$556.10,$0.00,$0.00,$556.10
2023,CS0001frNDUJhCmH0C,8BMSNN1_R2023-03-13,"",SPXW--230309P03865000,PUT  SPXW   03/09/23  3865 CBOE S&P 500 CLOSE/EURO INDEX,Option,IndexOption,Margin,230309EL5EHPR504NWJL3Y000,230309SCAVP30309057871000-1,2023-03-09,2023-03-09,Sell,FIFO,5.00000000,L,$118.90,$96.10,-$22.80,$0.00,$0.00,,,,,,,,,,,,,,SixtyForty,C,,-$22.80,$0.00,$0.00,-$22.80
2023,CS0001frNDYZmNPcjB,9BMSVQ0_R2023-03-13,"",SPXW--230309P03915000,PUT  SPXW   03/09/23  3915 CBOE S&P 500 CLOSE/EURO INDEX,Option,IndexOption,Margin,230309ELIAAYTV3A4SIHZ4000,230309SCAVP30309057872000-1,2023-03-09,2023-03-09,Buy,FIFO,5.00000000,S,$1053.90,$451.10,-$602.80,$0.00,$0.00,,,,,,,,,,,,,,SixtyForty,C,,-$602.80,$0.00,$0.00,-$602.80
2023,CS0001gHaC2yK7LGBx,9BMSVS1_R2023-03-14,"",SPXW--230310P03815000,PUT  SPXW   03/10/23  3815 CBOE S&P 500 CLOSE/EURO INDEX,Option,IndexOption,Margin,230310SCAVP30310061621000,230310ELQHSBVRJXF73QWB000-1,2023-03-10,2023-03-10,Buy,FIFO,5.00000000,S,$28.90,$541.10,$512.20,$0.00,$0.00,,,,,,,,,,,,,,SixtyForty,C,,$512.20,$0.00,$0.00,$512.20
2023,CS0001gHaBxIDDpSYd,8CLZWK4_R2023-03-14,"",SPXW--230310P03765000,PUT  SPXW   03/10/23  3765 CBOE S&P 500 CLOSE/EURO INDEX,Option,IndexOption,Margin,230310SCAVP30310061620000,230310KU00000007389562000-1,2023-03-10,2023-03-10,OptionExpiration,FIFO,5.00000000,L,$133.90,$0.00,-$133.90,$0.00,$0.00,,,,,,,,,,,,,,SixtyForty,C,,-$133.90,$0.00,$0.00,-$133.90
2023,CS0001gHaC3FvgsYKY,9BVWNR4_R2023-04-25,"",WMT---230421P00140000,PUT  WMT    04/21/23   140 WALMART INC,Option,EquityOption,Margin,230310ELF2F5ZJIRETRVYS000,230327ELCVQ7SNOXN2B8VB000-1,2023-03-10,2023-03-27,Buy,FIFO,1.00000000,S,$136.13,$543.85,$407.72,$0.00,$0.00,,2023-03-10,2023-03-27,$0.00,$407.72,G,$407.72,$0.00,$0.00,$0.00,$407.72,,,ShortTerm,C,A,,,,
2023,CS0001gKpHfHNWEzEg,9CPDRP4_R2023-03-15,"",SPXW--230313P03840000,PUT  SPXW   03/13/23  3840 CBOE S&P 500 CLOSE/EURO INDEX,Option,IndexOption,Margin,230313ELPK1UHSXE23ZJRS000,230313EL12U49KPO38EDAQ000-1,2023-03-13,2023-03-13,Buy,FIFO,5.00000000,S,$28.90,$451.10,$422.20,$0.00,$0.00,,,,,,,,,,,,,,SixtyForty,C,,$422.20,$0.00,$0.00,$422.20
2023,CS0001gKpHajgnpXvb,8BMSWJ6,"",SPXW--230313P03790000,PUT  SPXW   03/13/23  3790 CBOE S&P 500 CLOSE/EURO INDEX,Option,IndexOption,Margin,230313ELDKF5780VFYUALJ000,230313KU00000002536621000-1,2023-03-13,2023-03-13,OptionExpiration,FIFO,5.00000000,L,$43.90,$0.00,-$43.90,$0.00,$0.00,,,,,,,,,,,,,,SixtyForty,C,,-$43.90,$0.00,$0.00,-$43.90
2023,CS0001gKpHg8C9j47M,9LCHYR2_R2023-04-24,"",SCHW--230421P00040000,PUT  SCHW   04/21/23    40 CHARLES SCHWAB CORP NEW,Option,EquityOption,Margin,230313EL8ZFYOABL9NMD7U000,230314EL7A6BR1YYJKY426000-1,2023-03-13,2023-03-14,Buy,FIFO,2.00000000,S,$250.26,$497.72,$247.46,$0.00,$0.00,,2023-03-13,2023-03-14,$0.00,$247.46,G,$247.46,$0.00,$0.00,$0.00,$247.46,,,ShortTerm,C,A,,,,
2023,CS0001gKpHfqacuTCP,9KWWSQ7_R2023-04-24,"",NKE---230421P00110000,PUT  NKE    04/21/23   110 NIKE INC CLASS B,Option,EquityOption,Margin,230313ELU6MRW59B6OIMQK000,230322EL7FFJ2HS12Z0OYZ000-1,2023-03-13,2023-03-22,Buy,FIFO,1.00000000,S,$79.13,$313.85,$234.72,$0.00,$0.00,,2023-03-13,2023-03-22,$0.00,$234.72,G,$234.72,$0.00,$0.00,$0.00,$234.72,,,ShortTerm,C,A,,,,
2023,CS0001gKpHfYz5wtNh,9GZMRL2,"",DELL--230421P00035000,PUT  DELL   04/21/23    35 DELL TECHNOLOGIES INC CL C,Option,EquityOption,Margin,230313EL4S00RTSNRM797Q000,230329SCAVP30329044136000-1,2023-03-13,2023-03-29,Buy,FIFO,3.00000000,S,$69.39,$281.59,$212.20,$0.00,$0.00,,2023-03-13,2023-03-29,$0.00,$212.20,G,$212.20,$0.00,$0.00,$0.00,$212.20,,,ShortTerm,C,A,,,,
2023,CS0001gNbyE9rXOpqc,9B08095_R2023-03-16,"",SPXW--230314P03835000,PUT  SPXW   03/14/23  3835 CBOE S&P 500 CLOSE/EURO INDEX,Option,IndexOption,Margin,230314ELGGA2B1S03IXRSD000,230314ELRFY5ECO9Z0F20Z000-1,2023-03-14,2023-03-14,Buy,FIFO,5.00000000,S,$28.90,$551.10,$522.20,$0.00,$0.00,,,,,,,,,,,,,,SixtyForty,C,,$522.20,$0.00,$0.00,$522.20
2023,CS0001gNby4VH11m4P,8B15151_R2023-03-16,"",SPXW--230314P03785000,PUT  SPXW   03/14/23  3785 CBOE S&P 500 CLOSE/EURO INDEX,Option,IndexOption,Margin,230314EL252SRA0YT39K1T000,230314KU00000002753416000-1,2023-03-14,2023-03-14,OptionExpiration,FIFO,5.00000000,L,$93.90,$0.00,-$93.90,$0.00,$0.00,,,,,,,,,,,,,,SixtyForty,C,,-$93.90,$0.00,$0.00,-$93.90
2023,CS0001gNbyERT7IL8o,9GZYYT6,"",EBAY--230421P00042500,PUT  EBAY   04/21/23    42.50 EBAY INC,Option,EquityOption,Margin,230314ELXA3RB2RSG5FCMX000,230331ELIBPIATWL8KKN6I000-1,2023-03-14,2023-03-31,Buy,FIFO,3.00000000,S,$159.39,$632.59,$473.20,$0.00,$0.00,,2023-03-14,2023-03-31,$0.00,$473.20,G,$473.20,$0.00,$0.00,$0.00,$473.20,,,ShortTerm,C,A,,,,
2023,CS0001gQlou1ahn0zj,9BMTMC5_R2023-03-17,"",SPXW--230315P03810000,PUT  SPXW   03/15/23  3810 CBOE S&P 500 CLOSE/EURO INDEX,Option,IndexOption,Margin,230315ELX221WV3THY9VT5000,230315EL1G2C2QX4EO559A000-1,2023-03-15,2023-03-15,Buy,FIFO,13.00000000,S,$75.13,$1211.87,$1136.74,$0.00,$0.00,,,,,,,,,,,,,,SixtyForty,C,,$1136.74,$0.00,$0.00,$1136.74
2023,CS0001gQloRudm06PK,8CPDVT6_R2023-03-17,"",SPXW--230315P03800000,PUT  SPXW   03/15/23  3800 CBOE S&P 500 CLOSE/EURO INDEX,Option,IndexOption,Margin,230315EL9FSGDP3XI5LF5D000,230315SCAVP30315040585000-1,2023-03-15,2023-03-15,Sell,FIFO,13.00000000,L,$738.13,$54.86,-$683.27,$0.00,$0.00,,,,,,,,,,,,,,SixtyForty,C,,-$683.27,$0.00,$0.00,-$683.27
2023,CS0001gTto1qcuPnER,8BRQBQ6_R2023-03-20,"",SPXW--230316P03855000,PUT  SPXW   03/16/23  3855 CBOE S&P 500 CLOSE/EURO INDEX,Option,IndexOption,Margin,230316SCAVP30316048633000,230316KU00000004892550000-1,2023-03-16,2023-03-16,OptionExpiration,FIFO,5.00000000,L,$108.90,$0.00,-$108.90,$0.00,$0.00,,,,,,,,,,,,,,SixtyForty,C,,-$108.90,$0.00,$0.00,-$108.90
2023,CS0001gTto5XUzUxnI,9BMTMM8_R2023-03-20,"",SPXW--230316P03905000,PUT  SPXW   03/16/23  3905 CBOE S&P 500 CLOSE/EURO INDEX,Option,IndexOption,Margin,230316SCAVP30316048635000,230316SCAVP30316048634000-1,2023-03-16,2023-03-16,Buy,FIFO,5.00000000,S,$28.90,$466.10,$437.20,$0.00,$0.00,,,,,,,,,,,,,,SixtyForty,C,,$437.20,$0.00,$0.00,$437.20
2023,CS0001gWZjI81NDGh7,9BNLHQ5_R2023-03-21,"",SPXW--230317P03875000,PUT  SPXW   03/17/23  3875 CBOE S&P 500 CLOSE/EURO INDEX,Option,IndexOption,Margin,230317ELH60XYLDKY96OO8000,230317ELI8NAXMQT2ZDEVO000-1,2023-03-17,2023-03-17,Buy,FIFO,5.00000000,S,$28.90,$601.10,$572.20,$0.00,$0.00,,,,,,,,,,,,,,SixtyForty,C,,$572.20,$0.00,$0.00,$572.20
2023,CS0001gWZik3M08StL,8BNLGM0_R2023-03-21,"",SPXW--230317P03830000,PUT  SPXW   03/17/23  3830 CBOE S&P 500 CLOSE/EURO INDEX,Option,IndexOption,Margin,230317ELNN5PFKNUN54TA2000,230317KU00000002404862000-1,2023-03-17,2023-03-17,OptionExpiration,FIFO,5.00000000,L,$93.90,$0.00,-$93.90,$0.00,$0.00,,,,,,,,,,,,,,SixtyForty,C,,-$93.90,$0.00,$0.00,-$93.90
2023,CS0001gZC7T9Pq05mo,8BMTTY6_R2023-03-22,"",SPXW--230320P03865000,PUT  SPXW   03/20/23  3865 CBOE S&P 500 CLOSE/EURO INDEX,Option,IndexOption,Margin,230320SCAVP30320037138000,230320KU00000002736608000-1,2023-03-20,2023-03-20,OptionExpiration,FIFO,7.00000000,L,$131.46,$0.00,-$131.46,$0.00,$0.00,,,,,,,,,,,,,,SixtyForty,C,,-$131.46,$0.00,$0.00,-$131.46
2023,CS0001gZC7cEnGoyOu,9CPQWL5_R2023-03-22,"",SPXW--230320P03910000,PUT  SPXW   03/20/23  3910 CBOE S&P 500 CLOSE/EURO INDEX,Option,IndexOption,Margin,230320SCAVP30320037140000,230320SCAVP30320037139000-1,2023-03-20,2023-03-20,Buy,FIFO,7.00000000,S,$40.46,$701.54,$661.08,$0.00,$0.00,,,,,,,,,,,,,,SixtyForty,C,,$661.08,$0.00,$0.00,$661.08
2023,CS0001gbrG82bDe9eW,8BMTZJ5_R2023-03-23,"",SPXW--230321P03935000,PUT  SPXW   03/21/23  3935 CBOE S&P 500 CLOSE/EURO INDEX,Option,IndexOption,Margin,230321ELKO2MCGDRW40W0P000,230321KU00000002328191000-1,2023-03-21,2023-03-21,OptionExpiration,FIFO,10.00000000,L,$137.79,$0.00,-$137.79,$0.00,$0.00,,,,,,,,,,,,,,SixtyForty,C,,-$137.79,$0.00,$0.00,-$137.79
2023,CS0001gbrGSUCRUdXC,9BMTZY1_R2023-03-23,"",SPXW--230321P03965000,PUT  SPXW   03/21/23  3965 CBOE S&P 500 CLOSE/EURO INDEX,Option,IndexOption,Margin,230321EL0J5JSEUA00MGQB000,230321SCAVP30321042155000-1,2023-03-21,2023-03-21,Buy,FIFO,10.00000000,S,$57.80,$852.21,$794.41,$0.00,$0.00,,,,,,,,,,,,,,SixtyForty,C,,$794.41,$0.00,$0.00,$794.41
2023,CS0001geVP3QQfMgS2,8BNSZV5_R2023-03-24,"",SPXW--230322P03855000,PUT  SPXW   03/22/23  3855 CBOE S&P 500 CLOSE/EURO INDEX,Option,IndexOption,Margin,230322SCAVP30322039903000,230322ELAEHTP20LS7I877000-1,2023-03-22,2023-03-22,Sell,FIFO,5.00000000,L,$83.90,$21.10,-$62.80,$0.00,$0.00,,,,,,,,,,,,,,SixtyForty,C,,-$62.80,$0.00,$0.00,-$62.80
2023,CS0001geVPEDRMq6YV,9BNSZX2_R2023-03-24,"",SPXW--230322P03905000,PUT  SPXW   03/22/23  3905 CBOE S&P 500 CLOSE/EURO INDEX,Option,IndexOption,Margin,230322SCAVP30322039905000,230322SCAVP30322039904000-1,2023-03-22,2023-03-22,Buy,FIFO,5.00000000,S,$28.90,$441.10,$412.20,$0.00,$0.00,,,,,,,,,,,,,,SixtyForty,C,,$412.20,$0.00,$0.00,$412.20
2023,CS0001ggrEOkhaAYq5,9BLHBB8,"",SPXW--230323P03925000,PUT  SPXW   03/23/23  3925 CBOE S&P 500 CLOSE/EURO INDEX,Option,IndexOption,Margin,230323ELXRNZGBH82RDPZH000,230323EL2Y44M9O6YXSKZM000-1,2023-03-23,2023-03-23,Buy,FIFO,7.00000000,S,$1895.45,$757.55,-$1137.90,$0.00,$0.00,,,,,,,,,,,,,,SixtyForty,C,,-$1137.90,$0.00,$0.00,-$1137.90
2023,CS0001ggrE7QlLr4M8,8BRQBS6_R2023-03-27,"",SPXW--230323P03880000,PUT  SPXW   03/23/23  3880 CBOE S&P 500 CLOSE/EURO INDEX,Option,IndexOption,Margin,230323EL8HQWE0HH518BM4000,230323ELJ7ENYGXHY8N2P7000-1,2023-03-23,2023-03-23,Sell,FIFO,7.00000000,L,$152.45,$309.55,$157.10,$0.00,$0.00,,,,,,,,,,,,,,SixtyForty,C,,$157.10,$0.00,$0.00,$157.10
2023,CS0001ggrEP2JACNE5,9LWJPL7_R2023-04-24,"",JPM---230421P00123000,PUT  JPM    04/21/23   123 JPMORGAN CHASE & CO,Option,EquityOption,Margin,230323EL61ORNW3B9OP9AW000,230412EL7V0PXXB7AA2ZKV000-1,2023-03-23,2023-04-12,Buy,FIFO,1.00000000,S,$70.13,$276.85,$206.72,$0.00,$0.00,,2023-03-23,2023-04-12,$0.00,$206.72,G,$206.72,$0.00,$0.00,$0.00,$206.72,,,ShortTerm,C,A,,,,
2023,CS0001gjYpuGGWREyW,9B39171_R2023-03-28,"",SPXW--230324P03920000,PUT  SPXW   03/24/23  3920 CBOE S&P 500 CLOSE/EURO INDEX,Option,IndexOption,Margin,230324ELX39CDXNTHGA7NL000,230324EL4C8VN2FTZY8RKE000-1,2023-03-24,2023-03-24,Buy,FIFO,7.00000000,S,$40.45,$666.55,$626.10,$0.00,$0.00,,,,,,,,,,,,,,SixtyForty,C,,$626.10,$0.00,$0.00,$626.10
2023,CS0001gjYpqHmtZypb,8B39163_R2023-03-28,"",SPXW--230324P03880000,PUT  SPXW   03/24/23  3880 CBOE S&P 500 CLOSE/EURO INDEX,Option,IndexOption,Margin,230324ELIU2N705B5O7LW9000,230324SCAVP30324045372000-1,2023-03-24,2023-03-24,Sell,FIFO,7.00000000,L,$131.45,$29.54,-$101.91,$0.00,$0.00,,,,,,,,,,,,,,SixtyForty,C,,-$101.91,$0.00,$0.00,-$101.91
2023,CS0001gmalLdy0B0wR,8BNTGY5,"",SPXW--230327P03920000,PUT  SPXW   03/27/23  3920 CBOE S&P 500 CLOSE/EURO INDEX,Option,IndexOption,Margin,230327ELOBFMMGSTZP4GUE000,230327KU00000002573987000-1,2023-03-27,2023-03-27,OptionExpiration,FIFO,7.00000000,L,$61.45,$0.00,-$61.45,$0.00,$0.00,,,,,,,,,,,,,,SixtyForty,C,,-$61.45,$0.00,$0.00,-$61.45
2023,CS0001gmalURjtDnyS,9BNTGZ6,"",SPXW--230327P03960000,PUT  SPXW   03/27/23  3960 CBOE S&P 500 CLOSE/EURO INDEX,Option,IndexOption,Margin,230327ELRAE1KE3TCVVKG3000,230327SCAVP30327041474000-1,2023-03-27,2023-03-27,Buy,FIFO,7.00000000,S,$40.46,$561.55,$521.09,$0.00,$0.00,,,,,,,,,,,,,,SixtyForty,C,,$521.09,$0.00,$0.00,$521.09
2023,CS0001gmalVIYXrz0B,9SYVHP4_R2023-04-25,"",GOOGL-230421P00100000,PUT  GOOGL  04/21/23   100 ALPHABET INC CLASS A,Option,EquityOption,Margin,230327ELGPO3WB0JHUHLFT000,230406ELT3R94VAIGVBV4Q000-1,2023-03-27,2023-04-06,Buy,FIFO,1.00000000,S,$44.13,$173.85,$129.72,$0.00,$0.00,,2023-03-27,2023-04-06,$0.00,$129.72,G,$129.72,$0.00,$0.00,$0.00,$129.72,,,ShortTerm,C,A,,,,
2023,CS0001gmalV0x1A4Ff,9LWHHN4_R2023-04-25,"",IBM---230421P00126000,PUT  IBM    04/21/23   126 INTL BUSINESS MACHINE,Option,EquityOption,Margin,230327ELY4DM0GS5IJA4VW000,230417ELZL53XUQC5QG7H9000-1,2023-03-27,2023-04-17,Buy,FIFO,1.00000000,S,$169.13,$222.85,$53.72,$0.00,$0.00,,2023-03-27,2023-04-17,$0.00,$53.72,G,$53.72,$0.00,$0.00,$0.00,$53.72,,,ShortTerm,C,A,,,,
2023,CS0001gpNCo1JNFwIn,8BRQDV7_R2023-03-30,"",SPXW--230328P03900000,PUT  SPXW   03/28/23  3900 CBOE S&P 500 CLOSE/EURO INDEX,Option,IndexOption,Margin,230328ELMYS1WOFEEU0Z06000,230328KU00000002279147000-1,2023-03-28,2023-03-28,OptionExpiration,FIFO,8.00000000,L,$70.23,$0.00,-$70.23,$0.00,$0.00,,,,,,,,,,,,,,SixtyForty,C,,-$70.23,$0.00,$0.00,-$70.23
2023,CS0001gpND3dcKutIM,9B17431,"",SPXW--230328P03935000,PUT  SPXW   03/28/23  3935 CBOE S&P 500 CLOSE/EURO INDEX,Option,IndexOption,Margin,230328ELKK1YH4H8RGSD79000,230328SCAVP30328043918000-1,2023-03-28,2023-03-28,Buy,FIFO,8.00000000,S,$46.24,$761.77,$715.53,$0.00,$0.00,,,,,,,,,,,,,,SixtyForty,C,,$715.53,$0.00,$0.00,$715.53
2023,CS0001gsqhgauhCw9H,9CLTGX8_R2023-03-31,"",SPXW--230329P03995000,PUT  SPXW   03/29/23  3995 CBOE S&P 500 CLOSE/EURO INDEX,Option,IndexOption,Margin,230329ELC0I3D81X0KHIA9000,230329ELWEQ57PQBBCQRIZ000-1,2023-03-29,2023-03-29,Buy,FIFO,7.00000000,S,$40.45,$561.55,$521.10,$0.00,$0.00,,,,,,,,,,,,,,SixtyForty,C,,$521.10,$0.00,$0.00,$521.10
2023,CS0001gsqhblcR1PGA,8B00387_R2023-03-31,"",SPXW--230329P03950000,PUT  SPXW   03/29/23  3950 CBOE S&P 500 CLOSE/EURO INDEX,Option,IndexOption,Margin,230329ELMQDJ3UKL3TF17B000,230329KU00000002915326000-1,2023-03-29,2023-03-29,OptionExpiration,FIFO,7.00000000,L,$61.45,$0.00,-$61.45,$0.00,$0.00,,,,,,,,,,,,,,SixtyForty,C,,-$61.45,$0.00,$0.00,-$61.45
2023,CS0001gvxpZ5hQB0ga,8B09135,"",SPXW--230330P03990000,PUT  SPXW   03/30/23  3990 CBOE S&P 500 CLOSE/EURO INDEX,Option,IndexOption,Margin,230330ELTAGH7BDU3QBYXU000,230330KU00000004063867000-1,2023-03-30,2023-03-30,OptionExpiration,FIFO,7.00000000,L,$96.45,$0.00,-$96.45,$0.00,$0.00,,,,,,,,,,,,,,SixtyForty,C,,-$96.45,$0.00,$0.00,-$96.45
2023,CS0001gvxpfuEUnAe9,9B09171_R2023-04-03,"",SPXW--230330P04025000,PUT  SPXW   03/30/23  4025 CBOE S&P 500 CLOSE/EURO INDEX,Option,IndexOption,Margin,230330ELNRMGK562BDXY05000,230330SCAVP30330046926000-1,2023-03-30,2023-03-30,Buy,FIFO,7.00000000,S,$40.46,$666.55,$626.09,$0.00,$0.00,,,,,,,,,,,,,,SixtyForty,C,,$626.09,$0.00,$0.00,$626.09
2023,CS0001gyvarbB7CLRb,8CNLVT6,"",SPXW--230331P04030000,PUT  SPXW   03/31/23  4030 CBOE S&P 500 CLOSE/EURO INDEX,Option,IndexOption,Margin,230331ELARKP91D6A6F8HU000,230331KU00000003277621000-1,2023-03-31,2023-03-31,OptionExpiration,FIFO,7.00000000,L,$96.45,$0.00,-$96.45,$0.00,$0.00,,,,,,,,,,,,,,SixtyForty,C,,-$96.45,$0.00,$0.00,-$96.45
2023,CS0001gyvbFjeQ7zt6,9CNLVV2_R2023-04-04,"",SPXW--230331P04070000,PUT  SPXW   03/31/23  4070 CBOE S&P 500 CLOSE/EURO INDEX,Option,IndexOption,Margin,230331ELTOHTG9ZVTDVF34000,230331SCAVP30331053203000-1,2023-03-31,2023-03-31,Buy,FIFO,7.00000000,S,$40.46,$771.55,$731.09,$0.00,$0.00,,,,,,,,,,,,,,SixtyForty,C,,$731.09,$0.00,$0.00,$731.09
2023,CS0001gyvbGIrWjrMi,9LCNZQ9,"",META--230421P00200000,PUT  META   04/21/23   200 META PLATFORMS INC CL A,Option,EquityOption,Margin,230331ELR3WRHX6G1JIM5L000,230411EL2233GKT3TMW4EA000-1,2023-03-31,2023-04-11,Buy,FIFO,1.00000000,S,$89.13,$353.85,$264.72,$0.00,$0.00,,2023-03-31,2023-04-11,$0.00,$264.72,G,$264.72,$0.00,$0.00,$0.00,$264.72,,,ShortTerm,C,A,,,,
2023,CS0001gyvbGaT4yQ33,9SYSHH2_R2023-04-25,"",BAC---230421P00027000,PUT  BAC    04/21/23    27 BANK OF AMERICA CORP,Option,EquityOption,Margin,230331SCAVP30331053204000,230414EL86HC9UZSLP8LH2000-1,2023-03-31,2023-04-14,Buy,FIFO,4.00000000,S,$48.52,$187.45,$138.93,$0.00,$0.00,,2023-03-31,2023-04-14,$0.00,$138.93,G,$138.93,$0.00,$0.00,$0.00,$138.93,,,ShortTerm,C,A,,,,
2023,CS0001h1xqMRd8UMip,9CMDFX3_R2023-04-05,"",SPXW--230403P04095000,PUT  SPXW   04/03/23  4095 CBOE S&P 500 CLOSE/EURO INDEX,Option,IndexOption,Margin,230403ELQOX6W2IOV76OB0000,230403ELF0U6RMN9NB9I5R000-1,2023-04-03,2023-04-03,Buy,FIFO,10.00000000,S,$57.79,$902.21,$844.42,$0.00,$0.00,,,,,,,,,,,,,,SixtyForty,C,,$844.42,$0.00,$0.00,$844.42
2023,CS0001h1xqLJCxO0OX,8CMDFV5_R2023-04-05,"",SPXW--230403P04065000,PUT  SPXW   04/03/23  4065 CBOE S&P 500 CLOSE/EURO INDEX,Option,IndexOption,Margin,230403ELUWG6QIEWWBI5LU000,230403KU00000002766142000-1,2023-04-03,2023-04-03,OptionExpiration,FIFO,10.00000000,L,$87.79,$0.00,-$87.79,$0.00,$0.00,,,,,,,,,,,,,,SixtyForty,C,,-$87.79,$0.00,$0.00,-$87.79
2023,CS0001h1xqLsQ4He3D,9BLNFR1,"",SPX---230519P03900000,PUT  SPX    05/19/23  3900 S & P 500 INDEX,Option,IndexOption,Margin,230403ELXI9W31PTDKTKNV000,230414ELB06KRFBJPTIIAZ000-1,2023-04-03,2023-04-14,Buy,FIFO,1.00000000,S,$1850.78,$3717.22,$1866.44,$0.00,$0.00,,,,,,,,,,,,,,SixtyForty,C,,$1866.44,$0.00,$0.00,$1866.44
2023,CS0001h1xqIBXzCTSj,8BLNFP5,"",SPX---230519P03800000,PUT  SPX    05/19/23  3800 S & P 500 INDEX,Option,IndexOption,Margin,230403ELZAYDK9L4MATZ6F000,230414ELJT1WC9R1X6C1IX000-1,2023-04-03,2023-04-14,Sell,FIFO,1.00000000,L,$2440.78,$1259.22,-$1181.56,$0.00,$0.00,,,,,,,,,,,,,,SixtyForty,C,,-$1181.56,$0.00,$0.00,-$1181.56
2023,CS0001h5OoNeNgLsWC,8CLZPS1_R2023-04-06,"",SPXW--230404P04060000,PUT  SPXW   04/04/23  4060 CBOE S&P 500 CLOSE/EURO INDEX,Option,IndexOption,Margin,230404EL586FMAVKS7HGJP000,230404ELLNPQTBKNA77K2S000-1,2023-04-04,2023-04-04,Sell,FIFO,9.00000000,L,$106.01,$127.99,$21.98,$0.00,$0.00,,,,,,,,,,,,,,SixtyForty,C,,$21.98,$0.00,$0.00,$21.98
2023,CS0001h5OoOVCJg9GP,9CMDKG0_R2023-04-06,"",SPXW--230404P04090000,PUT  SPXW   04/04/23  4090 CBOE S&P 500 CLOSE/EURO INDEX,Option,IndexOption,Margin,230404ELJLXT70QH7H645W000,230404SCAVP30404042933000-1,2023-04-04,2023-04-04,Buy,FIFO,9.00000000,S,$2937.02,$973.99,-$1963.03,$0.00,$0.00,,,,,,,,,,,,,,SixtyForty,C,,-$1963.03,$0.00,$0.00,-$1963.03
2023,CS0001h7fHFhmlUCIb,9CMBHQ3_R2023-04-10,"",SPXW--230405P04070000,PUT  SPXW   04/05/23  4070 CBOE S&P 500 CLOSE/EURO INDEX,Option,IndexOption,Margin,230405SCAVP30405044018000,230405ELR6O4DQH0JYWGYP000-1,2023-04-05,2023-04-05,Buy,FIFO,9.00000000,S,$52.01,$550.99,$498.98,$0.00,$0.00,,,,,,,,,,,,,,SixtyForty,C,,$498.98,$0.00,$0.00,$498.98
2023,CS0001h7fHFhmlUCIa,9CMBHQ3_R2023-04-10,"",SPXW--230405P04070000,PUT  SPXW   04/05/23  4070 CBOE S&P 500 CLOSE/EURO INDEX,Option,IndexOption,Margin,230405SCAVP30405044018000,230405ELZ6179ZPHXHT8CZ000-1,2023-04-05,2023-04-05,Buy,FIFO,6.00000000,S,$34.67,$367.32,$332.65,$0.00,$0.00,,,,,,,,,,,,,,SixtyForty,C,,$332.65,$0.00,$0.00,$332.65
2023,CS0001h7fH6KnmtE6Q,8CMBHP9_R2023-04-10,"",SPXW--230405P04050000,PUT  SPXW   04/05/23  4050 CBOE S&P 500 CLOSE/EURO INDEX,Option,IndexOption,Margin,230405SCAVP30405044017000,230405KU00000002658250000-1,2023-04-05,2023-04-05,OptionExpiration,FIFO,15.00000000,L,$146.69,$0.00,-$146.69,$0.00,$0.00,,,,,,,,,,,,,,SixtyForty,C,,-$146.69,$0.00,$0.00,-$146.69
2023,CS0001h9qnUsV8v0Nx,9CPGWN7_R2023-04-11,"",SPXW--230406P04095000,PUT  SPXW   04/06/23  4095 CBOE S&P 500 CLOSE/EURO INDEX,Option,IndexOption,Margin,230406ELC3IJTJPIGFHUX9000,230406ELSVGT79TIT1IF7U000-1,2023-04-06,2023-04-06,Buy,FIFO,12.00000000,S,$69.35,$1502.65,$1433.30,$0.00,$0.00,,,,,,,,,,,,,,SixtyForty,C,,$1433.30,$0.00,$0.00,$1433.30
2023,CS0001h9qnQcPyHeey,8BNTMR6,"",SPXW--230406P04070000,PUT  SPXW   04/06/23  4070 CBOE S&P 500 CLOSE/EURO INDEX,Option,IndexOption,Margin,230406ELMP3E3JUTG43ML4000,230406KU00000002937515000-1,2023-04-06,2023-04-06,OptionExpiration,FIFO,12.00000000,L,$165.35,$0.00,-$165.35,$0.00,$0.00,,,,,,,,,,,,,,SixtyForty,C,,-$165.35,$0.00,$0.00,-$165.35
2023,CS0001hDI8x6uGlD0a,8CPFJJ6_R2023-04-12,"",SPXW--230410P04050000,PUT  SPXW   04/10/23  4050 CBOE S&P 500 CLOSE/EURO INDEX,Option,IndexOption,Margin,230410SCAVP30410039740000,230410KU00000002666309000-1,2023-04-10,2023-04-10,OptionExpiration,FIFO,9.00000000,L,$79.02,$0.00,-$79.02,$0.00,$0.00,,,,,,,,,,,,,,SixtyForty,C,,-$79.02,$0.00,$0.00,-$79.02
2023,CS0001hDI98T83moHB,9CPGWQ3_R2023-04-12,"",SPXW--230410P04085000,PUT  SPXW   04/10/23  4085 CBOE S&P 500 CLOSE/EURO INDEX,Option,IndexOption,Margin,230410SCAVP30410039742000,230410SCAVP30410039741000-1,2023-04-10,2023-04-10,Buy,FIFO,9.00000000,S,$52.01,$586.98,$534.97,$0.00,$0.00,,,,,,,,,,,,,,SixtyForty,C,,$534.97,$0.00,$0.00,$534.97
2023,CS0001hHZycUO1ExiL,9CKMVN7_R2023-04-13,"",SPXW--230411P04110000,PUT  SPXW   04/11/23  4110 CBOE S&P 500 CLOSE/EURO INDEX,Option,IndexOption,Margin,230411SCAVP30411041317000,230411EL9AT3D8GJVL249A000-1,2023-04-11,2023-04-11,Buy,FIFO,10.00000000,S,$57.79,$882.21,$824.42,$0.00,$0.00,,,,,,,,,,,,,,SixtyForty,C,,$824.42,$0.00,$0.00,$824.42
2023,CS0001hHZyV6dr4cad,8B12420_R2023-04-13,"",SPXW--230411P04080000,PUT  SPXW   04/11/23  4080 CBOE S&P 500 CLOSE/EURO INDEX,Option,IndexOption,Margin,230411SCAVP30411041316000,230411KU00000004179078000-1,2023-04-11,2023-04-11,OptionExpiration,FIFO,10.00000000,L,$117.79,$0.00,-$117.79,$0.00,$0.00,,,,,,,,,,,,,,SixtyForty,C,,-$117.79,$0.00,$0.00,-$117.79
2023,CS0001hKX7ugvDxDTG,8BNWJX7,"",SPXW--230412P04060000,PUT  SPXW   04/12/23  4060 CBOE S&P 500 CLOSE/EURO INDEX,Option,IndexOption,Margin,230412EL2PZOSIWY14KP8D000,230412SCAVP30412044202000-1,2023-04-12,2023-04-12,Sell,FIFO,7.00000000,L,$96.45,$239.54,$143.09,$0.00,$0.00,,,,,,,,,,,,,,SixtyForty,C,,$143.09,$0.00,$0.00,$143.09
2023,CS0001hKX7w6wwpfNb,9CPGWX5_R2023-04-14,"",SPXW--230412P04105000,PUT  SPXW   04/12/23  4105 CBOE S&P 500 CLOSE/EURO INDEX,Option,IndexOption,Margin,230412ELXD9M6CJLOB1NF9000,230412SCAVP30412044203000-1,2023-04-12,2023-04-12,Buy,FIFO,7.00000000,S,$1985.46,$666.55,-$1318.91,$0.00,$0.00,,,,,,,,,,,,,,SixtyForty,C,,-$1318.91,$0.00,$0.00,-$1318.91
2023,CS0001hMlgKxJVL8yH,8BLBQZ2_R2023-04-17,"",SPXW--230413P04100000,PUT  SPXW   04/13/23  4100 CBOE S&P 500 CLOSE/EURO INDEX,Option,IndexOption,Margin,230413ELKITI7108MUPSUC000,230413KU00000003208262000-1,2023-04-13,2023-04-13,OptionExpiration,FIFO,10.00000000,L,$137.79,$0.00,-$137.79,$0.00,$0.00,,,,,,,,,,,,,,SixtyForty,C,,-$137.79,$0.00,$0.00,-$137.79
2023,CS0001hMlgQ4DJIlRS,9CPGXD1_R2023-04-17,"",SPXW--230413P04130000,PUT  SPXW   04/13/23  4130 CBOE S&P 500 CLOSE/EURO INDEX,Option,IndexOption,Margin,230413ELC2FKBEEZHYO38E000,230413SCAVP30413045800000-1,2023-04-13,2023-04-13,Buy,FIFO,10.00000000,S,$57.79,$1102.21,$1044.42,$0.00,$0.00,,,,,,,,,,,,,,SixtyForty,C,,$1044.42,$0.00,$0.00,$1044.42
2023,CS0001hPfCDBMIKEVe,9CPCJR3_R2023-04-18,"",SPXW--230414P04110000,PUT  SPXW   04/14/23  4110 CBOE S&P 500 CLOSE/EURO INDEX,Option,IndexOption,Margin,230414ELW4ZXZ27QPU29JL000,230414ELCDI5711EWGF8QZ000-1,2023-04-14,2023-04-14,Buy,FIFO,10.00000000,S,$57.79,$752.21,$694.42,$0.00,$0.00,,,,,,,,,,,,,,SixtyForty,C,,$694.42,$0.00,$0.00,$694.42
2023,CS0001hPfCBTj1fh1C,8CPCJQ3_R2023-04-18,"",SPXW--230414P04070000,PUT  SPXW   04/14/23  4070 CBOE S&P 500 CLOSE/EURO INDEX,Option,IndexOption,Margin,230414ELUIIDIGZN6OKEMN000,230414KU00000002219430000-1,2023-04-14,2023-04-14,OptionExpiration,FIFO,10.00000000,L,$87.79,$0.00,-$87.79,$0.00,$0.00,,,,,,,,,,,,,,SixtyForty,C,,-$87.79,$0.00,$0.00,-$87.79
2023,CS0001hPfCCKXgLoBS,9BSPDH9_R2023-05-22,"",EBAY--230519P00040000,PUT  EBAY   05/19/23    40 EBAY INC,Option,EquityOption,Margin,230414ELCUVD0PC5W8RKMM000,230427ELYCESVTHUFK28L3000-1,2023-04-14,2023-04-27,Buy,FIFO,3.00000000,S,$48.39,$188.59,$140.20,$0.00,$0.00,,2023-04-14,2023-04-27,$0.00,$140.20,G,$140.20,$0.00,$0.00,$0.00,$140.20,,,ShortTerm,C,A,,,,
2023,CS0001hPfCCc9EH6yv,9CLCNH6,"",SPXW--230531P03930000,PUT  SPXW   05/31/23  3930 CBOE S&P 500 CLOSE/EURO INDEX,Option,IndexOption,Margin,230414ELDZY8DJ0WMK67RO000,230428ELFDG0DUNIM792TB000-1,2023-04-14,2023-04-28,Buy,FIFO,1.00000000,S,$1641.78,$3244.22,$1602.44,$0.00,$0.00,,,,,,,,,,,,,,SixtyForty,C,,$1602.44,$0.00,$0.00,$1602.44
2023,CS0001hPfCBC7VOf4Z,8CLCNF2_R2023-06-01,"",SPXW--230531P03830000,PUT  SPXW   05/31/23  3830 CBOE S&P 500 CLOSE/EURO INDEX,Option,IndexOption,Margin,230414ELJEE17LMU6MIVVS000,230428ELXGDM0I1W6M1H4V000-1,2023-04-14,2023-04-28,Sell,FIFO,1.00000000,L,$2057.78,$950.22,-$1107.56,$0.00,$0.00,,,,,,,,,,,,,,SixtyForty,C,,-$1107.56,$0.00,$0.00,-$1107.56
2023,CS0001hPfCDSxtKsna,9KXFZG0_R2023-05-23,"",INTC--230519P00030000,PUT  INTC   05/19/23    30 INTEL CORP,Option,EquityOption,Margin,230414ELYT9GIQZCEWD46D000,230515EL4KX9CBH35C5LTH000-1,2023-04-14,2023-05-15,Buy,FIFO,3.00000000,S,$285.39,$230.59,-$54.80,$0.00,$0.00,,2023-04-14,2023-05-15,$0.00,-$54.80,G,-$54.80,$0.00,$0.00,$0.00,-$54.80,,,ShortTerm,C,A,,,,
2023,CS0001hSdq7v9LvBxN,9CPGXJ3_R2023-04-19,"",SPXW--230417P04115000,PUT  SPXW   04/17/23  4115 CBOE S&P 500 CLOSE/EURO INDEX,Option,IndexOption,Margin,230417ELBEN4GMAKT1W1CA000,230417ELC2CG7HG2NZQT3D000-1,2023-04-17,2023-04-17,Buy,FIFO,12.00000000,S,$69.35,$782.65,$713.30,$0.00,$0.00,,,,,,,,,,,,,,SixtyForty,C,,$713.30,$0.00,$0.00,$713.30
2023,CS0001hSdq3f4BHqEH,8BQFHG2_R2023-04-19,"",SPXW--230417P04060000,PUT  SPXW   04/17/23  4060 CBOE S&P 500 CLOSE/EURO INDEX,Option,IndexOption,Margin,230417EL5NAKJIFJ3JAAQQ000,230417ELFUP8738NICFZS3000-1,2023-04-17,2023-04-17,Sell,FIFO,2.00000000,L,$27.56,$12.44,-$15.12,$0.00,$0.00,,,,,,,,,,,,,,SixtyForty,C,,-$15.12,$0.00,$0.00,-$15.12
2023,CS0001hSdq6DW5GeSv,8CPHQC1_R2023-04-19,"",SPXW--230417C04220000,CALL SPXW   04/17/23  4220 CBOE S&P 500 CLOSE/EURO INDEX,Option,IndexOption,Margin,230417ELP1KC8UDI3UAWDZ000,230417ELJ334T906NN9K22000-1,2023-04-17,2023-04-17,Sell,FIFO,2.00000000,L,$13.56,$8.44,-$5.12,$0.00,$0.00,,,,,,,,,,,,,,SixtyForty,C,,-$5.12,$0.00,$0.00,-$5.12
2023,CS0001hSdq8UMRTN7X,9CPGXK0_R2023-04-19,"",SPXW--230417C04170000,CALL SPXW   04/17/23  4170 CBOE S&P 500 CLOSE/EURO INDEX,Option,IndexOption,Margin,230417ELK6XZLW0FD7XMX4000,230417ELMHNSBGXV4H8LCX000-1,2023-04-17,2023-04-17,Buy,FIFO,2.00000000,S,$59.56,$146.44,$86.88,$0.00,$0.00,,,,,,,,,,,,,,SixtyForty,C,,$86.88,$0.00,$0.00,$86.88
2023,CS0001hSdq7LwGN0nD,9B12480_R2023-04-19,"",SPXW--230417P04110000,PUT  SPXW   04/17/23  4110 CBOE S&P 500 CLOSE/EURO INDEX,Option,IndexOption,Margin,230417ELL1BFHD2H1CGF2H000,230417ELXDUOGDDG35UZ8O000-1,2023-04-17,2023-04-17,Buy,FIFO,2.00000000,S,$137.56,$220.44,$82.88,$0.00,$0.00,,,,,,,,,,,,,,SixtyForty,C,,$82.88,$0.00,$0.00,$82.88
2023,CS0001hSdq5eIziTIl,8B12476_R2023-04-19,"",SPXW--230417P04090000,PUT  SPXW   04/17/23  4090 CBOE S&P 500 CLOSE/EURO INDEX,Option,IndexOption,Margin,230417ELPRN3964J4TIOEG000,230417KU00000004618278000-1,2023-04-17,2023-04-17,OptionExpiration,FIFO,12.00000000,L,$105.35,$0.00,-$105.35,$0.00,$0.00,,,,,,,,,,,,,,SixtyForty,C,,-$105.35,$0.00,$0.00,-$105.35
2023,CS0001hSdq6mjCJMgg,9BSPML7_R2023-05-23,"",GOOGL-230519P00100000,PUT  GOOGL  05/19/23   100 ALPHABET INC CLASS A,Option,EquityOption,Margin,230417ELRXEW19XLNIVA2T000,230501ELGE2C4KG48L7IBX000-1,2023-04-17,2023-05-01,Buy,FIFO,1.00000000,S,$61.13,$243.85,$182.72,$0.00,$0.00,,2023-04-17,2023-05-01,$0.00,$182.72,G,$182.72,$0.00,$0.00,$0.00,$182.72,,,ShortTerm,C,A,,,,
2023,CS0001hSdq93ZZfpRv,9J35224_R2023-05-22,"",ALLY--230519P00024000,PUT  ALLY   05/19/23    24 ALLY FINANCIAL INC,Option,EquityOption,Margin,230417EL7U52QU2LF1DCKV000,230510EL8XDKH7X92YQY1J000-1,2023-04-17,2023-05-10,Buy,FIFO,4.00000000,S,$80.52,$315.46,$234.94,$0.00,$0.00,,2023-04-17,2023-05-10,$0.00,$234.94,G,$234.94,$0.00,$0.00,$0.00,$234.94,,,ShortTerm,C,A,,,,
2023,CS0001hSdq9cmfE0c4,9SFFNY5_R2023-05-23,"",MMM---230519P00100000,PUT  MMM    05/19/23   100 3M COMPANY,Option,EquityOption,Margin,230417EL82KHJDTETRU3AM000,230510ELRJEXO5OMUW4J1F000-1,2023-04-17,2023-05-10,Buy,FIFO,1.00000000,S,$192.13,$164.85,-$27.28,$0.00,$0.00,,2023-04-17,2023-05-10,$0.00,-$27.28,G,-$27.28,$0.00,$0.00,$0.00,-$27.28,,,ShortTerm,C,A,,,,
2023,CS0001hVkxJFtGza2T,8CKNYN4_R2023-04-20,"",SPXW--230418P04110000,PUT  SPXW   04/18/23  4110 CBOE S&P 500 CLOSE/EURO INDEX,Option,IndexOption,Margin,230418SCAVP30418043449000,230418EL22TWMGIQQRE4E2000-1,2023-04-18,2023-04-18,Sell,FIFO,12.00000000,L,$141.35,$170.65,$29.30,$0.00,$0.00,,,,,,,,,,,,,,SixtyForty,C,,$29.30,$0.00,$0.00,$29.30
2023,CS0001hVkxQvEyw0kE,9CPGXL9_R2023-04-20,"",SPXW--230418P04140000,PUT  SPXW   04/18/23  4140 CBOE S&P 500 CLOSE/EURO INDEX,Option,IndexOption,Margin,230418SCAVP30418043450000,230418ELG0IQT3MD3WYTBZ000-1,2023-04-18,2023-04-18,Buy,FIFO,12.00000000,S,$2529.35,$818.65,-$1710.70,$0.00,$0.00,,,,,,,,,,,,,,SixtyForty,C,,-$1710.70,$0.00,$0.00,-$1710.70
2023,CS0001hnTLQrtGiMjX,9STZZP8,"",AMZN--230616P00100000,PUT  AMZN   06/16/23   100 AMAZON.COM INC ADJ 20:1 STOCK SPLIT,Option,EquityOption,Margin,230427ELRZWX5P1HVU8XDM000,230511ELYZ8RV43JQY2L2F000-1,2023-04-27,2023-05-11,Buy,FIFO,1.00000000,S,$81.13,$323.85,$242.72,$0.00,$0.00,,2023-04-27,2023-05-11,$0.00,$242.72,G,$242.72,$0.00,$0.00,$0.00,$242.72,,,ShortTerm,C,A,,,,
2023,CS0001hq5Xs6EVHZRS,9BNJNK6,"",SPX---230616P03950000,PUT  SPX    06/16/23  3950 S & P 500 INDEX,Option,IndexOption,Margin,230428ELPAOUVA9KAHJLRJ000,230519EL2PQFDP8GL85WKV000-1,2023-04-28,2023-05-19,Buy,FIFO,1.00000000,S,$1262.78,$3343.22,$2080.44,$0.00,$0.00,,,,,,,,,,,,,,SixtyForty,C,,$2080.44,$0.00,$0.00,$2080.44
2023,CS0001hq5XmQ7bllo6,8BNJMZ6,"",SPX---230616P03850000,PUT  SPX    06/16/23  3850 S & P 500 INDEX,Option,IndexOption,Margin,230428EL62BNMXUKDYJB7V000,230519ELHLFYDG2FAL44VZ000-1,2023-04-28,2023-05-19,Sell,FIFO,1.00000000,L,$2241.78,$771.22,-$1470.56,$0.00,$0.00,,,,,,,,,,,,,,SixtyForty,C,,-$1470.56,$0.00,$0.00,-$1470.56
2023,CS0001hsuw6mIST8hJ,8CPHRH6_R2023-05-03,"",SPXW--230501P04135000,PUT  SPXW   05/01/23  4135 CBOE S&P 500 CLOSE/EURO INDEX,Option,IndexOption,Margin,230501ELS7VKJ71QOMOFAR000,230501ELITXTVZM888O3CM000-1,2023-05-01,2023-05-01,Sell,FIFO,10.00000000,L,$137.79,$142.21,$4.42,$0.00,$0.00,,,,,,,,,,,,,,SixtyForty,C,,$4.42,$0.00,$0.00,$4.42
2023,CS0001hsuwFISnjq9H,9CPHRJ2_R2023-05-03,"",SPXW--230501P04165000,PUT  SPXW   05/01/23  4165 CBOE S&P 500 CLOSE/EURO INDEX,Option,IndexOption,Margin,230501EL8X82UER711PKB1000,230501SCAVP30501040536000-1,2023-05-01,2023-05-01,Buy,FIFO,10.00000000,S,$1657.80,$652.21,-$1005.59,$0.00,$0.00,,,,,,,,,,,,,,SixtyForty,C,,-$1005.59,$0.00,$0.00,-$1005.59
2023,CS0001iDI1fzEnLp4f,9CPKPL0_R2023-05-12,"",SPXW--230510P04100000,PUT  SPXW   05/10/23  4100 CBOE S&P 500 CLOSE/EURO INDEX,Option,IndexOption,Margin,230510ELYB5RO6K0FOYF5I000,230510ELSH6Z2ZF9KBB436000-1,2023-05-10,2023-05-10,Buy,FIFO,12.00000000,S,$69.35,$1058.65,$989.30,$0.00,$0.00,,,,,,,,,,,,,,SixtyForty,C,,$989.30,$0.00,$0.00,$989.30
2023,CS0001iDI1c0lAUYvk,8CPKPK2_R2023-05-12,"",SPXW--230510P04070000,PUT  SPXW   05/10/23  4070 CBOE S&P 500 CLOSE/EURO INDEX,Option,IndexOption,Margin,230510ELR3RFIQZWF7HWSD000,230510KU00000002623792000-1,2023-05-10,2023-05-10,OptionExpiration,FIFO,12.00000000,L,$201.35,$0.00,-$201.35,$0.00,$0.00,,,,,,,,,,,,,,SixtyForty,C,,-$201.35,$0.00,$0.00,-$201.35
2023,CS0001iKcAUFCDA5dN,9PKVPH3,"",CSCO--230616P00045000,PUT  CSCO   06/16/23    45 CISCO SYSTEMS INC,Option,EquityOption,Margin,230515ELKHUO0XLLLEGJ7Q000,230519SCAVP30519048566000-1,2023-05-15,2023-05-19,Buy,FIFO,3.00000000,S,$57.39,$224.59,$167.20,$0.00,$0.00,,2023-05-15,2023-05-19,$0.00,$167.20,G,$167.20,$0.00,$0.00,$0.00,$167.20,,,ShortTerm,C,A,,,,
2023,CS0001iKcAUoPK0356,9PTVTL0,"",ALLY--230616P00025000,PUT  ALLY   06/16/23    25 ALLY FINANCIAL INC,Option,EquityOption,Margin,230515ELQGPJ8LO448CIRO000,230601EL88VKITI05CXXRP000-1,2023-05-15,2023-06-01,Buy,FIFO,2.00000000,S,$58.26,$231.72,$173.46,$0.00,$0.00,,2023-05-15,2023-06-01,$0.00,$173.46,G,$173.46,$0.00,$0.00,$0.00,$173.46,,,ShortTerm,C,A,,,,
2023,CS0001iKcAV60rm8fA,9PTVTL0,"",ALLY--230616P00025000,PUT  ALLY   06/16/23    25 ALLY FINANCIAL INC,Option,EquityOption,Margin,230515ELWKN24TV3T2YIEN000,230601EL88VKITI05CXXRP000-2,2023-05-15,2023-06-01,Buy,FIFO,2.00000000,S,$58.26,$229.72,$171.46,$0.00,$0.00,,2023-05-15,2023-06-01,$0.00,$171.46,G,$171.46,$0.00,$0.00,$0.00,$171.46,,,ShortTerm,C,A,,,,
2023,CS0001iVdkaOGoiXiH,8BNTZQ0_R2023-05-31,"",SPXW--230526C04255000,CALL SPXW   05/26/23  4255 CBOE S&P 500 CLOSE/EURO INDEX,Option,IndexOption,Margin,230519ELXUIMTBKD8Z8KWN000,230525ELET4H5CGLGQ3LC1000-1,2023-05-19,2023-05-25,Sell,FIFO,5.00000000,L,$3558.90,$96.10,-$3462.80,$0.00,$0.00,,,,,,,,,,,,,,SixtyForty,C,,-$3462.80,$0.00,$0.00,-$3462.80
2023,CS0001iVdkboIXazch,9B37798,"",SPXW--230525P04130000,PUT  SPXW   05/25/23  4130 CBOE S&P 500 CLOSE/EURO INDEX,Option,IndexOption,Margin,230519ELVAXT8F1BBCN6P1000,230525ELNM7UMQDI7G88Z6000-1,2023-05-19,2023-05-25,Buy,FIFO,5.00000000,S,$5978.90,$3491.10,-$2487.80,$0.00,$0.00,,,,,,,,,,,,,,SixtyForty,C,,-$2487.80,$0.00,$0.00,-$2487.80
2023,CS0001iVdkbWgzou2c,9BNTYR3_R2023-05-30,"",SPXW--230525C04245000,CALL SPXW   05/25/23  4245 CBOE S&P 500 CLOSE/EURO INDEX,Option,IndexOption,Margin,230519ELSCYXZIJOEP94WA000,230525ELSA5594JARTUW8T000-1,2023-05-19,2023-05-25,Buy,FIFO,5.00000000,S,$28.90,$3591.10,$3562.20,$0.00,$0.00,,,,,,,,,,,,,,SixtyForty,C,,$3562.20,$0.00,$0.00,$3562.20
2023,CS0001iVdkafsMUdIP,8CPFBV1_R2023-05-31,"",SPXW--230526P04130000,PUT  SPXW   05/26/23  4130 CBOE S&P 500 CLOSE/EURO INDEX,Option,IndexOption,Margin,230519ELBWFU1L34MKTMQ3000,230525ELSUKHQ9X99LL2TZ000-1,2023-05-19,2023-05-25,Sell,FIFO,5.00000000,L,$4558.90,$8796.10,$4237.20,$0.00,$0.00,,,,,,,,,,,,,,SixtyForty,C,,$4237.20,$0.00,$0.00,$4237.20
2023,CS0001iVdkaxTvA9lv,9BLKKN5,"",SPXW--230703P04050000,PUT  SPXW   07/03/23  4050 CBOE S&P 500 CLOSE/EURO INDEX,Option,IndexOption,Margin,230519EL1I94DL63TOA9L6000,230602EL5HRE9ECJNY9NCU000-1,2023-05-19,2023-06-02,Buy,FIFO,1.00000000,S,$1279.78,$3224.22,$1944.44,$0.00,$0.00,,,,,,,,,,,,,,SixtyForty,C,,$1944.44,$0.00,$0.00,$1944.44
2023,CS0001iVdkB7NLZxoY,8BLKJW7,"",SPXW--230703P03950000,PUT  SPXW   07/03/23  3950 CBOE S&P 500 CLOSE/EURO INDEX,Option,IndexOption,Margin,230519ELWZLWXI9DD4H15N000,230602ELO7RC77HC0RTB0B000-1,2023-05-19,2023-06-02,Sell,FIFO,1.00000000,L,$2147.78,$778.22,-$1369.56,$0.00,$0.00,,,,,,,,,,,,,,SixtyForty,C,,-$1369.56,$0.00,$0.00,-$1369.56
